"","Year","hdi","me_normalized","Name"
"1",1990,0.572,20.62263761,1
"2",1990,0.718,21.44154828,2
"3",1990,0.871,22.62600208,3
"4",1990,0.803,21.40266985,4
"5",1990,0.749,19.29348636,5
"6",1990,0.394,19.73715181,6
"7",1990,0.813,22.25891172,7
"8",1990,0.61,15.37759477,8
"9",1990,0.364,17.30646613,9
"10",1990,0.551,18.73596675,10
"11",1990,0.573,18.86697322,11
"12",1990,0.613,22.94640688,12
"13",1990,0.767,19.25865782,13
"14",1990,0.708,20.49324941,14
"15",1990,0.299,17.49439895,15
"16",1990,0.368,17.18593628,16
"17",1990,0.448,19.01167197,17
"18",1990,0.85,23.15816186,18
"19",1990,0.706,20.75425622,19
"20",1990,0.499,23.0343231,20
"21",1990,0.603,20.60670851,21
"22",1990,0.369,17.64271208,22
"23",1990,0.665,18.78514122,23
"24",1990,0.68,19.83509857,24
"25",1990,0.738,21.69778377,25
"26",1990,0.806,17.25323875,26
"27",1990,0.599,19.12377826,27
"28",1990,0.648,21.53891608,28
"29",1990,0.548,18.91468583,29
"30",1990,0.735,16.47038581,30
"31",1990,0.541,20.48125581,31
"32",1990,0.662,21.48467942,32
"33",1990,0.79,24.47488224,33
"34",1990,0.613,15.05819754,34
"35",1990,0.808,17.13378106,35
"36",1990,0.465,21.88434465,36
"37",1990,0.548,14.79773883,37
"38",1990,0.414,18.02200676,38
"39",1990,0.519,20.55767071,39
"40",1990,0.807,23.07816207,41
"41",1990,0.429,21.20196616,42
"42",1990,0.523,23.5250736,43
"43",1990,0.56,20.2024,44
"44",1990,0.773,22.72145048,45
"45",1990,0.801,23.75507087,46
"46",1990,0.776,17.46902043,47
"47",1990,0.645,24.08365691,48
"48",1990,0.818,19.59139353,49
"49",1990,0.69,19.32269582,50
"50",1990,0.711,19.18317225,51
"51",1990,0.738,18.3870347,52
"52",1990,0.797,17.45173063,53
"53",1990,0.333,20.84105586,54
"54",1990,0.234,16.86724633,55
"55",1990,0.752,17.50892017,56
"56",1990,0.397,21.00636871,57
"57",1990,0.457,18.253433,58
"58",1990,0.227,20.51750235,59
"59",1990,0.581,17.45123159,60
"60",1990,0.387,22.72755939,61
"61",1990,0.836,20.77940954,62
"62",1990,0.826,20.85646366,63
"63",1990,0.22,19.44060252,64
"64",1990,0.849,21.09339345,65
"65",1990,0.675,18.04513019,66
"66",1990,0.38,18.53609881,67
"67",1990,0.598,20.47103706,68
"68",1990,0.613,20.67353119,69
"69",1990,0.593,21.15552661,70
"70",1990,0.718,21.35192137,71
"71",1990,0.718,20.48855148,72
"72",1990,0.75,21.27659089,73
"73",1990,0.735,18.37078369,74
"74",1990,0.452,23.51782803,75
"75",1990,0.697,18.58802156,76
"76",1990,0.722,16.5128419,77
"77",1990,0.287,21.31210817,78
"78",1990,0.774,22.1967599,79
"79",1990,0.627,23.03686158,80
"80",1990,0.761,19.04674433,81
"81",1990,0.629,20.88689526,82
"82",1990,0.821,22.12356374,83
"83",1990,0.84,21.21904791,84
"84",1990,0.617,18.28319248,85
"85",1990,0.368,21.51807467,86
"86",1990,0.668,19.32835801,87
"87",1990,0.567,22.39387662,88
"88",1990,0.723,24.38538531,89
"89",1990,0.781,26.44685094,90
"90",1990,0.865,19.6095939,91
"91",1990,0.644,20.05377685,92
"92",1990,0.483,20.50892185,93
"93",1990,0.401,18.75231305,94
"94",1990,0.421,19.84691671,95
"95",1991,0.631,20.15250984,1
"96",1991,0.648,22.6725288,3
"97",1991,0.871,21.41343636,4
"98",1991,0.755,19.7601982,6
"99",1991,0.817,15.3700434,8
"100",1991,0.579,22.62457682,12
"101",1991,0.621,19.31853979,13
"102",1991,0.771,19.26300793,14
"103",1991,0.372,18.99840778,17
"104",1991,0.445,23.15147014,18
"105",1991,0.715,23.02120433,20
"106",1991,0.507,20.63056659,21
"107",1991,0.499,17.59724234,22
"108",1991,0.366,18.78649471,23
"109",1991,0.672,19.85191828,24
"110",1991,0.738,21.70607313,25
"111",1991,0.733,17.27417536,26
"112",1991,0.603,21.02022277,28
"113",1991,0.65,18.79312108,29
"114",1991,0.73,20.08656291,31
"115",1991,0.669,24.47752562,33
"116",1991,0.796,15.2008724,34
"117",1991,0.816,21.86968337,36
"118",1991,0.544,17.67409248,38
"119",1991,0.418,20.39829601,39
"120",1991,0.706,22.87763787,41
"121",1991,0.82,21.25214503,42
"122",1991,0.433,23.5882967,43
"123",1991,0.583,20.25315445,44
"124",1991,0.512,23.07928693,45
"125",1991,0.777,23.79529721,46
"126",1991,0.808,17.27786502,47
"127",1991,0.782,24.21324961,48
"128",1991,0.648,19.88687568,49
"129",1991,0.636,19.07252929,50
"130",1991,0.41,19.25128169,51
"131",1991,0.734,17.36245447,53
"132",1991,0.241,17.49030892,56
"133",1991,0.463,20.66423435,59
"134",1991,0.349,17.38311141,60
"135",1991,0.583,22.70374197,61
"136",1991,0.395,20.71223908,62
"137",1991,0.84,18.03012906,63
"138",1991,0.506,19.31147224,64
"139",1991,0.68,19.10182364,67
"140",1991,0.389,20.3633494,68
"141",1991,0.604,20.63248709,69
"142",1991,0.62,21.26674982,70
"143",1991,0.595,21.47250211,71
"144",1991,0.716,20.61304003,72
"145",1991,0.727,21.04331399,73
"146",1991,0.694,18.47264493,74
"147",1991,0.634,23.51782803,75
"148",1991,0.454,18.51612723,76
"149",1991,0.377,16.62260375,77
"150",1991,0.736,22.07766056,79
"151",1991,0.772,23.11720095,80
"152",1991,0.77,21.03500479,82
"153",1991,0.823,21.78583928,84
"154",1991,0.556,18.49895252,85
"155",1991,0.612,21.67813753,86
"156",1991,0.659,19.37784863,87
"157",1991,0.67,22.4585725,88
"158",1991,0.721,24.46270255,89
"159",1991,0.735,26.35805544,90
"160",1991,0.794,19.40883814,91
"161",1991,0.654,20.75109296,93
"162",1991,0.493,18.27272938,94
"163",1991,0.401,19.74523267,95
"164",1992,0.316,20.77519549,1
"165",1992,0.73,22.65218845,3
"166",1992,0.618,21.48403677,4
"167",1992,0.733,22.14185751,7
"168",1992,0.375,18.76739966,10
"169",1992,0.566,18.99721571,11
"170",1992,0.577,19.3437198,13
"171",1992,0.627,19.35979272,14
"172",1992,0.705,17.47872539,15
"173",1992,0.299,17.94737143,16
"174",1992,0.377,23.10177469,18
"175",1992,0.315,20.87929338,19
"176",1992,0.722,20.82071666,21
"177",1992,0.499,18.87046467,23
"178",1992,0.405,20.26143211,24
"179",1992,0.667,21.76627569,25
"180",1992,0.742,17.33080238,26
"181",1992,0.612,18.71479511,29
"182",1992,0.539,21.45368739,32
"183",1992,0.801,15.06875567,34
"184",1992,0.358,17.54514791,35
"185",1992,0.291,14.3714659,37
"186",1992,0.559,20.51503302,39
"187",1992,0.523,22.81305756,41
"188",1992,0.711,21.35859107,42
"189",1992,0.823,23.7055358,43
"190",1992,0.534,20.32879266,44
"191",1992,0.596,22.83493902,45
"192",1992,0.527,23.82232563,46
"193",1992,0.782,17.66974189,47
"194",1992,0.815,24.30676043,48
"195",1992,0.788,19.72290164,49
"196",1992,0.826,18.86560117,50
"197",1992,0.625,19.90859789,51
"198",1992,0.74,18.62946129,52
"199",1992,0.809,21.29227785,54
"200",1992,0.66,17.09990033,55
"201",1992,0.762,21.41644533,57
"202",1992,0.56,17.90325694,58
"203",1992,0.227,17.44271506,60
"204",1992,0.363,22.79070581,61
"205",1992,0.587,20.58446219,62
"206",1992,0.402,17.66990445,63
"207",1992,0.832,18.97259656,64
"208",1992,0.413,17.88572766,66
"209",1992,0.688,20.6230231,68
"210",1992,0.398,20.79915566,69
"211",1992,0.608,21.35556638,70
"212",1992,0.62,21.65253179,71
"213",1992,0.719,20.53888666,73
"214",1992,0.751,18.29930568,74
"215",1992,0.202,23.45504993,75
"216",1992,0.634,18.51392395,76
"217",1992,0.71,16.83592983,77
"218",1992,0.706,21.5700558,78
"219",1992,0.742,22.02547357,79
"220",1992,0.735,23.17553438,80
"221",1992,0.75,19.60475327,81
"222",1992,0.344,22.14348901,83
"223",1992,0.845,18.38926269,85
"224",1992,0.56,21.80905284,86
"225",1992,0.4,19.48427746,87
"226",1992,0.661,22.54100932,88
"227",1992,0.313,24.43133349,89
"228",1992,0.713,26.44357761,90
"229",1992,0.738,19.72077757,91
"230",1992,0.66,18.397988,94
"231",1992,0.504,19.50705175,95
"232",1993,0.467,20.96770978,1
"233",1993,0.735,21.47237515,4
"234",1993,0.817,19.44763704,5
"235",1993,0.418,22.04396588,7
"236",1993,0.737,15.62876648,8
"237",1993,0.624,18.5150552,10
"238",1993,0.573,22.68334642,12
"239",1993,0.576,19.45980571,14
"240",1993,0.781,17.4064299,15
"241",1993,0.299,18.94051697,17
"242",1993,0.855,20.97872453,19
"243",1993,0.315,23.25514878,20
"244",1993,0.624,19.96648385,22
"245",1993,0.687,19.4075316,24
"246",1993,0.674,21.70983281,25
"247",1993,0.66,17.25160994,26
"248",1993,0.822,19.43591142,27
"249",1993,0.562,16.98201241,30
"250",1993,0.715,21.2028638,32
"251",1993,0.534,24.4749058,33
"252",1993,0.675,14.75410614,34
"253",1993,0.619,17.52918819,35
"254",1993,0.362,21.93651944,36
"255",1993,0.499,14.31606722,37
"256",1993,0.296,17.51910297,38
"257",1993,0.418,22.83390835,41
"258",1993,0.53,21.3824966,42
"259",1993,0.724,21.09357185,43
"260",1993,0.446,20.20863927,44
"261",1993,0.541,22.89328726,45
"262",1993,0.607,23.62699323,46
"263",1993,0.548,17.61195613,47
"264",1993,0.791,24.44543345,48
"265",1993,0.821,19.78456969,49
"266",1993,0.67,18.47615828,50
"267",1993,0.688,19.93135694,51
"268",1993,0.744,17.4486339,53
"269",1993,0.708,21.37735934,54
"270",1993,0.356,17.01978857,55
"271",1993,0.667,17.2218874,56
"272",1993,0.253,21.56797706,57
"273",1993,0.66,17.89924035,58
"274",1993,0.546,21.44684989,59
"275",1993,0.473,17.42755857,60
"276",1993,0.234,22.67698385,61
"277",1993,0.369,20.58030507,62
"278",1993,0.587,17.50964094,63
"279",1993,0.846,19.48273659,64
"280",1993,0.231,21.08785477,65
"281",1993,0.417,18.87766562,67
"282",1993,0.696,20.88284533,69
"283",1993,0.411,21.47627425,70
"284",1993,0.615,21.50817516,71
"285",1993,0.601,20.39816087,73
"286",1993,0.753,18.30903537,74
"287",1993,0.712,23.52366426,75
"288",1993,0.197,18.60248539,76
"289",1993,0.46,16.37659422,77
"290",1993,0.377,21.63210838,78
"291",1993,0.282,21.90324715,79
"292",1993,0.753,23.23914008,80
"293",1993,0.648,19.68702301,81
"294",1993,0.76,19.36839686,82
"295",1993,0.641,22.00730946,83
"296",1993,0.352,21.07820594,84
"297",1993,0.846,17.88838804,85
"298",1993,0.849,21.87266625,86
"299",1993,0.391,22.67984557,88
"300",1993,0.32,26.42035932,90
"301",1993,0.703,19.85318967,91
"302",1993,0.705,19.51165185,92
"303",1993,0.662,19.33617116,95
"304",1994,0.419,21.01213095,1
"305",1994,0.59,22.0462808,2
"306",1994,0.879,19.46650553,5
"307",1994,0.821,20.12072236,6
"308",1994,0.772,22.09548709,7
"309",1994,0.426,15.8822942,8
"310",1994,0.852,18.71778261,10
"311",1994,0.386,18.95385729,11
"312",1994,0.581,19.38338197,13
"313",1994,0.642,17.55102894,15
"314",1994,0.705,18.49075348,16
"315",1994,0.296,22.98266966,18
"316",1994,0.433,21.10583675,19
"317",1994,0.859,23.03089683,20
"318",1994,0.317,21.41897119,21
"319",1994,0.631,18.24717996,23
"320",1994,0.349,19.51417706,24
"321",1994,0.407,21.72345278,25
"322",1994,0.688,17.24013335,26
"323",1994,0.752,19.48883383,27
"324",1994,0.831,21.26233471,28
"325",1994,0.571,17.06604179,30
"326",1994,0.571,18.81738542,31
"327",1994,0.72,24.51633665,33
"328",1994,0.825,17.44843457,35
"329",1994,0.622,22.00065031,36
"330",1994,0.301,20.44504815,39
"331",1994,0.582,22.90712947,41
"332",1994,0.415,21.52962186,42
"333",1994,0.534,21.25575796,43
"334",1994,0.829,20.26708523,44
"335",1994,0.453,22.89578395,45
"336",1994,0.55,23.61710154,46
"337",1994,0.616,17.34827711,47
"338",1994,0.548,24.53625481,48
"339",1994,0.798,19.82644196,49
"340",1994,0.802,18.58051367,50
"341",1994,0.486,18.65179256,52
"342",1994,0.356,17.19949956,56
"343",1994,0.64,21.75358747,59
"344",1994,0.484,22.68861073,61
"345",1994,0.241,20.70258528,62
"346",1994,0.376,17.3822646,63
"347",1994,0.414,19.58287638,64
"348",1994,0.521,21.14203606,65
"349",1994,0.883,18.2374293,66
"350",1994,0.421,20.82867191,68
"351",1994,0.699,21.53505043,70
"352",1994,0.417,21.49966659,71
"353",1994,0.636,20.65785891,73
"354",1994,0.739,17.51707362,74
"355",1994,0.688,23.38210712,75
"356",1994,0.703,18.00738614,76
"357",1994,0.618,16.29097243,77
"358",1994,0.718,21.75187184,78
"359",1994,0.284,23.3273816,80
"360",1994,0.783,19.8955179,81
"361",1994,0.65,19.23678424,82
"362",1994,0.798,22.08405658,83
"363",1994,0.65,21.2157033,84
"364",1994,0.855,22.00728747,86
"365",1994,0.607,19.5094745,87
"366",1994,0.603,24.26403744,89
"367",1994,0.322,19.92574278,91
"368",1994,0.88,19.88241882,92
"369",1994,0.711,21.5790714,93
"370",1995,0.408,20.93405757,1
"371",1995,0.637,22.05878006,2
"372",1995,0.627,19.52987514,5
"373",1995,0.888,20.2453835,6
"374",1995,0.778,15.90153973,8
"375",1995,0.66,18.762573,10
"376",1995,0.624,18.92673889,11
"377",1995,0.391,23.38484755,12
"378",1995,0.589,19.55577637,14
"379",1995,0.576,17.55577039,15
"380",1995,0.79,18.62851696,16
"381",1995,0.71,18.54797866,17
"382",1995,0.391,21.32648687,19
"383",1995,0.432,23.25745694,20
"384",1995,0.862,21.68618752,21
"385",1995,0.471,19.51539674,24
"386",1995,0.697,21.86044675,25
"387",1995,0.409,17.20356211,26
"388",1995,0.788,19.97882536,27
"389",1995,0.761,21.39051914,28
"390",1995,0.837,18.53075681,29
"391",1995,0.666,17.17483052,30
"392",1995,0.578,18.62329621,31
"393",1995,0.523,14.87557317,34
"394",1995,0.823,17.70843886,35
"395",1995,0.832,22.15355633,36
"396",1995,0.776,14.72331385,37
"397",1995,0.511,20.23254478,39
"398",1995,0.588,21.63102167,42
"399",1995,0.423,21.64017405,43
"400",1995,0.746,20.36950052,44
"401",1995,0.831,22.9178974,45
"402",1995,0.461,23.56735238,46
"403",1995,0.56,17.37936037,47
"404",1995,0.627,24.63452201,48
"405",1995,0.539,19.51875461,49
"406",1995,0.832,18.82010389,50
"407",1995,0.468,20.43059006,51
"408",1995,0.483,17.11764842,53
"409",1995,0.754,21.61694213,54
"410",1995,0.821,17.25415978,55
"411",1995,0.682,21.26146808,57
"412",1995,0.677,17.32601331,58
"413",1995,0.554,17.49853753,60
"414",1995,0.487,20.85990615,62
"415",1995,0.248,17.3742771,63
"416",1995,0.582,20.27605116,64
"417",1995,0.859,21.13792135,65
"418",1995,0.881,19.14787378,67
"419",1995,0.426,21.25413082,69
"420",1995,0.704,21.70538984,71
"421",1995,0.625,20.70626264,73
"422",1995,0.609,17.8488541,74
"423",1995,0.782,23.30350287,75
"424",1995,0.694,18.20892066,76
"425",1995,0.231,16.26581206,77
"426",1995,0.469,22.02421952,78
"427",1995,0.699,21.91489676,79
"428",1995,0.752,20.45363841,81
"429",1995,0.79,18.74823062,82
"430",1995,0.807,20.68025376,84
"431",1995,0.366,18.26418664,85
"432",1995,0.367,19.65295659,87
"433",1995,0.614,22.61128137,88
"434",1995,0.605,24.25688886,89
"435",1995,0.611,26.35447762,90
"436",1995,0.883,20.50746077,93
"437",1995,0.712,17.82766006,94
"438",1996,0.537,21.09650455,1
"439",1996,0.335,21.94088671,2
"440",1996,0.602,22.82773853,3
"441",1996,0.748,19.58946724,5
"442",1996,0.634,20.2753506,6
"443",1996,0.605,22.1682691,7
"444",1996,0.751,18.80569153,10
"445",1996,0.864,18.76114596,11
"446",1996,0.624,23.36754,12
"447",1996,0.394,19.60961954,13
"448",1996,0.658,18.54787369,16
"449",1996,0.793,18.57713993,17
"450",1996,0.718,22.87687337,18
"451",1996,0.396,23.40176641,20
"452",1996,0.431,22.18618607,21
"453",1996,0.735,18.44693448,23
"454",1996,0.351,21.85021448,25
"455",1996,0.701,17.01529361,26
"456",1996,0.669,19.85338148,27
"457",1996,0.791,21.47267188,28
"458",1996,0.776,18.52351415,29
"459",1996,0.636,17.09214806,30
"460",1996,0.668,18.65539496,31
"461",1996,0.588,21.4272526,32
"462",1996,0.74,15.18407523,34
"463",1996,0.688,17.60915113,35
"464",1996,0.83,22.25218057,36
"465",1996,0.31,23.01627248,41
"466",1996,0.598,21.99049142,43
"467",1996,0.545,20.43689923,44
"468",1996,0.75,22.98523281,45
"469",1996,0.836,23.75788842,46
"470",1996,0.468,17.54819788,47
"471",1996,0.573,24.50852546,48
"472",1996,0.634,19.84976976,49
"473",1996,0.811,18.95603204,50
"474",1996,0.666,20.41623921,51
"475",1996,0.687,18.76777792,52
"476",1996,0.719,17.32095308,55
"477",1996,0.83,17.45013208,56
"478",1996,0.376,21.4478948,57
"479",1996,0.656,17.4000787,58
"480",1996,0.683,22.26558935,59
"481",1996,0.634,17.49300105,60
"482",1996,0.56,22.78110123,61
"483",1996,0.498,17.26655788,63
"484",1996,0.387,20.36860726,64
"485",1996,0.872,21.08595646,65
"486",1996,0.887,21.05721295,68
"487",1996,0.431,21.84930417,70
"488",1996,0.433,20.58910709,73
"489",1996,0.651,18.11495449,74
"490",1996,0.774,23.31102987,75
"491",1996,0.794,18.19471924,76
"492",1996,0.703,16.17100133,77
"493",1996,0.633,22.13431093,78
"494",1996,0.379,21.67561349,79
"495",1996,0.703,23.5210754,80
"496",1996,0.783,20.45813502,81
"497",1996,0.756,18.48208433,82
"498",1996,0.793,22.16769889,83
"499",1996,0.659,18.43101209,85
"500",1996,0.374,22.09395082,86
"501",1996,0.535,19.80062878,87
"502",1996,0.369,22.73977967,88
"503",1996,0.687,24.26396279,89
"504",1996,0.614,26.32538466,90
"505",1996,0.62,20.17101389,91
"506",1996,0.851,19.84621657,93
"507",1996,0.884,17.4487693,94
"508",1996,0.718,19.49106501,95
"509",1997,0.668,21.28424942,1
"510",1997,0.453,21.92943732,2
"511",1997,0.645,22.79478671,3
"512",1997,0.611,21.4955949,4
"513",1997,0.757,20.34041576,6
"514",1997,0.832,22.02729085,7
"515",1997,0.61,16.05568819,8
"516",1997,0.452,19.00958038,10
"517",1997,0.67,18.89385232,11
"518",1997,0.869,23.35761686,12
"519",1997,0.626,19.72649903,13
"520",1997,0.399,19.31419156,14
"521",1997,0.598,17.94054797,15
"522",1997,0.577,18.45430507,16
"523",1997,0.665,18.59220353,17
"524",1997,0.794,22.79582628,18
"525",1997,0.29,21.47501329,19
"526",1997,0.401,21.81810812,21
"527",1997,0.318,18.24424234,22
"528",1997,0.655,20.09617076,24
"529",1997,0.474,21.75442588,25
"530",1997,0.349,17.09464784,26
"531",1997,0.727,20.02811665,27
"532",1997,0.673,21.54201003,28
"533",1997,0.794,18.53589821,29
"534",1997,0.643,19.23346304,31
"535",1997,0.592,21.38955689,32
"536",1997,0.597,24.44432812,33
"537",1997,0.687,22.24354822,36
"538",1997,0.785,20.36082065,39
"539",1997,0.526,23.16255458,41
"540",1997,0.318,21.8961685,42
"541",1997,0.432,20.45578568,44
"542",1997,0.551,22.99474754,45
"543",1997,0.751,23.72677292,46
"544",1997,0.846,17.82019677,47
"545",1997,0.474,24.42789168,48
"546",1997,0.587,19.91198295,49
"547",1997,0.569,18.98505603,50
"548",1997,0.699,20.33490012,51
"549",1997,0.453,18.71391563,52
"550",1997,0.698,17.77717549,53
"551",1997,0.472,21.45999319,54
"552",1997,0.731,17.5435973,56
"553",1997,0.45,17.55352828,58
"554",1997,0.661,22.28781707,59
"555",1997,0.637,22.64592736,61
"556",1997,0.567,20.8895333,62
"557",1997,0.275,20.52333151,64
"558",1997,0.435,21.11669522,65
"559",1997,0.248,18.19197924,66
"560",1997,0.893,21.17843949,69
"561",1997,0.434,21.59401002,71
"562",1997,0.716,20.79538721,73
"563",1997,0.637,18.16284968,74
"564",1997,0.764,23.62064999,75
"565",1997,0.78,18.07537524,76
"566",1997,0.703,16.24897947,77
"567",1997,0.291,22.21781,78
"568",1997,0.731,21.604608,79
"569",1997,0.38,23.42116365,80
"570",1997,0.28,20.36486479,81
"571",1997,0.794,18.39773816,82
"572",1997,0.646,21.97551978,83
"573",1997,0.805,20.76912596,84
"574",1997,0.817,18.59129915,85
"575",1997,0.666,21.90646516,86
"576",1997,0.586,19.69650874,87
"577",1997,0.54,22.77636165,88
"578",1997,0.675,24.29771259,89
"579",1997,0.695,26.3436667,90
"580",1997,0.621,20.1702393,91
"581",1997,0.766,19.79963081,93
"582",1997,0.856,17.58510546,94
"583",1997,0.886,19.55658882,95
"584",1998,0.416,21.94665865,2
"585",1998,0.344,22.68442244,3
"586",1998,0.655,21.49327961,4
"587",1998,0.896,22.0219,7
"588",1998,0.787,19.24782109,10
"589",1998,0.753,19.01428958,11
"590",1998,0.674,23.38752833,12
"591",1998,0.873,19.49901228,13
"592",1998,0.628,19.58504648,14
"593",1998,0.58,18.73728485,17
"594",1998,0.67,22.77077905,18
"595",1998,0.294,23.58706486,20
"596",1998,0.861,17.09753646,22
"597",1998,0.571,19.997076,24
"598",1998,0.48,17.10035309,26
"599",1998,0.414,20.123609,27
"600",1998,0.738,21.58701973,28
"601",1998,0.677,18.52351415,29
"602",1998,0.355,17.06321989,30
"603",1998,0.675,21.39606173,32
"604",1998,0.594,24.41317325,33
"605",1998,0.49,17.86647927,35
"606",1998,0.487,20.24275016,39
"607",1998,0.534,20.69558845,42
"608",1998,0.326,22.42425468,43
"609",1998,0.607,20.42540164,44
"610",1998,0.435,22.93655894,45
"611",1998,0.556,23.75942604,46
"612",1998,0.758,17.6791879,47
"613",1998,0.855,24.35687073,48
"614",1998,0.481,20.02304149,49
"615",1998,0.647,18.96279579,50
"616",1998,0.849,20.35779792,51
"617",1998,0.606,18.77933191,52
"618",1998,0.46,17.73642544,53
"619",1998,0.77,17.18560483,55
"620",1998,0.844,21.63190481,57
"621",1998,0.459,22.49364809,59
"622",1998,0.695,17.55966094,60
"623",1998,0.637,20.69214285,62
"624",1998,0.575,17.08398668,63
"625",1998,0.509,20.86275359,64
"626",1998,0.557,20.99953715,65
"627",1998,0.559,17.72192854,66
"628",1998,0.255,18.7518747,67
"629",1998,0.904,21.97346054,70
"630",1998,0.442,18.28247372,74
"631",1998,0.626,23.76117599,75
"632",1998,0.774,18.13420934,76
"633",1998,0.81,16.17091376,77
"634",1998,0.705,22.21981952,78
"635",1998,0.485,21.36809215,79
"636",1998,0.736,23.07062901,80
"637",1998,0.284,19.37602898,82
"638",1998,0.813,21.97438488,83
"639",1998,0.64,20.8149691,84
"640",1998,0.821,21.4700674,86
"641",1998,0.882,19.71773226,87
"642",1998,0.588,22.89586162,88
"643",1998,0.425,24.33056339,89
"644",1998,0.678,26.33639394,90
"645",1998,0.694,20.1668297,91
"646",1998,0.688,19.76746145,93
"647",1998,0.862,19.53909566,95
"648",1999,0.431,21.96503455,2
"649",1999,0.442,22.77356826,3
"650",1999,0.348,21.47674562,4
"651",1999,0.391,20.41865809,6
"652",1999,0.664,22.00376834,7
"653",1999,0.842,16.69712936,9
"654",1999,0.469,18.94882802,11
"655",1999,0.76,23.01245905,12
"656",1999,0.679,19.37007033,13
"657",1999,0.875,19.6938751,14
"658",1999,0.409,17.73889257,15
"659",1999,0.619,18.29480005,16
"660",1999,0.582,22.82871358,18
"661",1999,0.716,21.43775114,19
"662",1999,0.295,21.90108872,21
"663",1999,0.436,18.82131996,22
"664",1999,0.75,19.48528929,24
"665",1999,0.662,21.74747107,25
"666",1999,0.717,19.50587001,27
"667",1999,0.419,21.61852854,28
"668",1999,0.747,18.55821151,29
"669",1999,0.868,17.06794742,30
"670",1999,0.359,20.37186961,31
"671",1999,0.654,21.22640507,32
"672",1999,0.673,24.38418914,33
"673",1999,0.608,15.07370345,34
"674",1999,0.773,17.89774477,35
"675",1999,0.479,22.33515786,36
"676",1999,0.868,20.37078564,39
"677",1999,0.797,23.35483538,41
"678",1999,0.542,22.61792557,43
"679",1999,0.611,22.88027831,45
"680",1999,0.439,23.76857163,46
"681",1999,0.56,17.62508152,47
"682",1999,0.765,24.48731998,48
"683",1999,0.86,20.05381314,49
"684",1999,0.594,18.83884999,50
"685",1999,0.68,20.53653091,51
"686",1999,0.781,18.76255827,52
"687",1999,0.613,17.62298256,53
"688",1999,0.723,21.23206309,54
"689",1999,0.399,17.14723712,55
"690",1999,0.775,17.27998561,56
"691",1999,0.751,21.7907802,57
"692",1999,0.793,17.85003773,58
"693",1999,0.672,17.67592353,60
"694",1999,0.699,22.67294506,61
"695",1999,0.64,17.10867458,63
"696",1999,0.404,21.01626535,65
"697",1999,0.872,17.39004555,66
"698",1999,0.568,18.57385885,67
"699",1999,0.259,20.71545312,68
"700",1999,0.909,21.60143665,71
"701",1999,0.443,20.67757532,73
"702",1999,0.729,18.20813538,74
"703",1999,0.677,23.6301669,75
"704",1999,0.63,18.17586665,76
"705",1999,0.786,16.22156766,77
"706",1999,0.711,22.22582517,78
"707",1999,0.646,21.27602194,79
"708",1999,0.492,23.21607343,80
"709",1999,0.71,20.26283885,81
"710",1999,0.763,21.86965917,83
"711",1999,0.826,20.84338646,84
"712",1999,0.813,18.67142346,85
"713",1999,0.899,19.69328386,87
"714",1999,0.889,23.02101816,88
"715",1999,0.426,26.36162051,90
"716",1999,0.679,20.1686379,91
"717",1999,0.39,19.79503652,93
"718",1999,0.69,17.84288579,94
"719",1999,0.776,19.38918435,95
"720",2000,0.739,21.35515638,1
"721",2000,0.574,21.90702572,2
"722",2000,0.42,22.70753923,3
"723",2000,0.437,21.37848132,4
"724",2000,0.637,19.69895147,5
"725",2000,0.813,20.42323876,6
"726",2000,0.781,21.88353915,7
"727",2000,0.669,15.77787389,8
"728",2000,0.903,16.48940229,9
"729",2000,0.635,18.97021977,10
"730",2000,0.795,19.03434303,11
"731",2000,0.478,23.15195767,12
"732",2000,0.771,19.31351942,13
"733",2000,0.686,19.6772741,14
"734",2000,0.64,17.56080702,15
"735",2000,0.627,18.62797409,17
"736",2000,0.679,22.83944728,18
"737",2000,0.802,21.46684973,19
"738",2000,0.72,23.85570167,20
"739",2000,0.293,21.83114267,21
"740",2000,0.424,18.70498578,22
"741",2000,0.293,19.45443579,24
"742",2000,0.588,21.59560921,25
"743",2000,0.666,17.07457055,26
"744",2000,0.349,19.39900687,27
"745",2000,0.721,21.68937414,28
"746",2000,0.421,18.51935182,29
"747",2000,0.804,17.01300177,30
"748",2000,0.87,20.24125701,31
"749",2000,0.703,21.16675559,32
"750",2000,0.659,24.2441485,33
"751",2000,0.613,15.01653868,34
"752",2000,0.787,22.24157973,36
"753",2000,0.403,17.77560722,38
"754",2000,0.69,20.38899191,39
"755",2000,0.494,23.38265186,41
"756",2000,0.804,20.84507882,42
"757",2000,0.34,20.35895434,44
"758",2000,0.616,23.7129157,46
"759",2000,0.442,17.58979292,47
"760",2000,0.566,24.54119075,48
"761",2000,0.772,20.08713602,49
"762",2000,0.495,18.92499362,50
"763",2000,0.838,20.65071298,51
"764",2000,0.553,18.6690426,52
"765",2000,0.781,17.67013609,53
"766",2000,0.471,21.15059543,54
"767",2000,0.459,17.04844502,55
"768",2000,0.435,17.44988927,56
"769",2000,0.862,21.92417119,57
"770",2000,0.312,17.82939421,58
"771",2000,0.795,22.92388071,59
"772",2000,0.464,17.75433391,60
"773",2000,0.678,22.5103155,61
"774",2000,0.708,20.57059813,62
"775",2000,0.546,17.24384523,63
"776",2000,0.588,19.72534226,64
"777",2000,0.307,21.17894433,65
"778",2000,0.882,17.33024439,66
"779",2000,0.876,18.51824445,67
"780",2000,0.577,20.63115683,68
"781",2000,0.262,20.98799475,69
"782",2000,0.677,21.5136561,71
"783",2000,0.693,20.65666611,73
"784",2000,0.744,17.93177735,74
"785",2000,0.643,23.71720985,75
"786",2000,0.679,17.9484611,76
"787",2000,0.79,16.1501602,77
"788",2000,0.816,22.18900125,78
"789",2000,0.341,21.36075496,79
"790",2000,0.651,23.34801465,80
"791",2000,0.39,20.52740589,81
"792",2000,0.716,20.1909911,82
"793",2000,0.821,21.7529377,83
"794",2000,0.765,20.61461648,84
"795",2000,0.631,18.72119971,85
"796",2000,0.823,21.35507441,86
"797",2000,0.903,23.02522375,88
"798",2000,0.652,24.28586795,89
"799",2000,0.484,26.43369285,90
"800",2000,0.427,20.13622272,91
"801",2000,0.694,19.66281601,95
"802",2001,0.886,21.4612082,1
"803",2001,0.676,21.88127589,2
"804",2001,0.444,22.67532077,3
"805",2001,0.425,21.3048099,4
"806",2001,0.678,19.73531912,5
"807",2001,0.647,20.37439138,6
"808",2001,0.786,15.82435023,8
"809",2001,0.673,16.38907925,9
"810",2001,0.857,19.0326047,10
"811",2001,0.798,19.16415069,11
"812",2001,0.796,23.11479833,12
"813",2001,0.486,19.19848124,13
"814",2001,0.77,19.82187244,14
"815",2001,0.883,17.79013971,15
"816",2001,0.428,18.07603235,16
"817",2001,0.63,22.84858514,18
"818",2001,0.691,21.3614806,19
"819",2001,0.803,24.05100996,20
"820",2001,0.73,21.90635352,21
"821",2001,0.327,19.60738681,24
"822",2001,0.767,21.64959633,25
"823",2001,0.596,17.0754566,26
"824",2001,0.468,19.76615311,27
"825",2001,0.35,21.76504539,28
"826",2001,0.725,18.83047951,29
"827",2001,0.81,16.79435377,30
"828",2001,0.814,19.67289578,31
"829",2001,0.369,21.11481515,32
"830",2001,0.707,24.22812208,33
"831",2001,0.68,14.71332371,34
"832",2001,0.534,17.29219074,35
"833",2001,0.624,17.95788272,38
"834",2001,0.411,20.55491307,39
"835",2001,0.884,23.40433136,41
"836",2001,0.493,20.63882138,42
"837",2001,0.814,23.06303031,43
"838",2001,0.557,20.45901166,44
"839",2001,0.347,22.98580119,45
"840",2001,0.619,17.65225776,47
"841",2001,0.444,24.43091717,48
"842",2001,0.57,20.08636031,49
"843",2001,0.872,19.09038019,50
"844",2001,0.865,20.68092251,51
"845",2001,0.465,18.89246353,52
"846",2001,0.569,17.99047559,53
"847",2001,0.628,21.38310113,54
"848",2001,0.451,17.7639135,56
"849",2001,0.785,21.98745656,57
"850",2001,0.626,17.73984182,58
"851",2001,0.325,22.97080505,59
"852",2001,0.463,22.54787834,61
"853",2001,0.687,20.49590954,62
"854",2001,0.712,17.15460026,63
"855",2001,0.651,20.16225558,64
"856",2001,0.541,21.32204518,65
"857",2001,0.454,17.04357466,66
"858",2001,0.886,18.32964923,67
"859",2001,0.88,20.62260034,68
"860",2001,0.583,20.83847132,69
"861",2001,0.268,22.01267632,70
"862",2001,0.914,20.70881965,73
"863",2001,0.454,17.85655812,74
"864",2001,0.456,23.76905731,75
"865",2001,0.652,18.04804027,76
"866",2001,0.633,16.21933332,77
"867",2001,0.798,22.18400129,78
"868",2001,0.728,21.31230851,79
"869",2001,0.35,23.28373215,80
"870",2001,0.746,20.3302477,81
"871",2001,0.405,19.77675122,82
"872",2001,0.309,21.73982003,83
"873",2001,0.825,20.74554244,84
"874",2001,0.843,18.83098875,85
"875",2001,0.611,21.26837673,86
"876",2001,0.409,19.63157327,87
"877",2001,0.397,24.28805285,89
"878",2001,0.66,26.46946903,90
"879",2001,0.492,20.07510791,91
"880",2001,0.666,20.10726764,93
"881",2001,0.412,19.47394693,95
"882",2002,0.878,21.46549006,1
"883",2002,0.594,22.79603092,3
"884",2002,0.453,21.3554663,4
"885",2002,0.384,19.91167051,5
"886",2002,0.684,20.34027062,6
"887",2002,0.426,21.86976185,7
"888",2002,0.781,17.07362431,9
"889",2002,0.907,18.89341773,10
"890",2002,0.651,19.22514235,11
"891",2002,0.8,22.99173162,12
"892",2002,0.795,19.23685245,13
"893",2002,0.492,19.93789474,14
"894",2002,0.699,17.62017254,15
"895",2002,0.651,17.9927049,16
"896",2002,0.438,18.79655644,17
"897",2002,0.579,21.29962812,19
"898",2002,0.699,24.19329674,20
"899",2002,0.807,21.93148639,21
"900",2002,0.877,19.30644419,24
"901",2002,0.307,21.71432354,25
"902",2002,0.769,17.31959524,26
"903",2002,0.475,20.04006899,27
"904",2002,0.471,21.78893075,28
"905",2002,0.358,18.90125332,29
"906",2002,0.698,16.72450999,30
"907",2002,0.819,19.48170308,31
"908",2002,0.89,21.20037325,32
"909",2002,0.375,24.31794268,33
"910",2002,0.668,14.63055924,34
"911",2002,0.627,17.42576558,35
"912",2002,0.546,22.27807378,36
"913",2002,0.852,17.96815824,38
"914",2002,0.626,20.799444,39
"915",2002,0.699,23.41448636,41
"916",2002,0.89,21.03797229,42
"917",2002,0.499,21.90003938,43
"918",2002,0.721,20.51409415,44
"919",2002,0.563,23.03489892,45
"920",2002,0.356,23.79642477,46
"921",2002,0.622,24.3953477,48
"922",2002,0.446,20.07291332,49
"923",2002,0.788,19.1809935,50
"924",2002,0.881,20.62616301,51
"925",2002,0.714,18.84858908,52
"926",2002,0.465,17.87151956,53
"927",2002,0.78,21.52880141,54
"928",2002,0.767,17.16202965,55
"929",2002,0.437,21.97015704,57
"930",2002,0.723,17.79537139,58
"931",2002,0.63,23.12119355,59
"932",2002,0.804,18.26292558,60
"933",2002,0.467,20.57915162,62
"934",2002,0.692,17.36604448,63
"935",2002,0.559,20.61446965,64
"936",2002,0.541,16.64995029,66
"937",2002,0.464,18.06247236,67
"938",2002,0.885,20.54845193,68
"939",2002,0.888,20.90485526,69
"940",2002,0.589,22.05197696,70
"941",2002,0.273,21.67963479,71
"942",2002,0.688,20.77788286,73
"943",2002,0.714,17.74965926,74
"944",2002,0.744,23.64113746,75
"945",2002,0.462,18.12444748,76
"946",2002,0.688,16.27509393,77
"947",2002,0.804,22.23357189,78
"948",2002,0.731,21.29202988,79
"949",2002,0.734,23.36956143,80
"950",2002,0.511,20.16405138,81
"951",2002,0.748,19.99884935,82
"952",2002,0.711,21.78199207,83
"953",2002,0.326,20.82121993,84
"954",2002,0.773,18.76252113,85
"955",2002,0.85,21.31824509,86
"956",2002,0.703,19.66028389,87
"957",2002,0.415,22.92607227,88
"958",2002,0.573,24.40359709,89
"959",2002,0.407,26.60100162,90
"960",2002,0.669,19.65691665,91
"961",2002,0.664,20.41859568,93
"962",2003,0.792,21.51462614,1
"963",2003,0.614,21.04162773,2
"964",2003,0.692,23.01848884,3
"965",2003,0.602,21.59119068,4
"966",2003,0.423,20.06153485,5
"967",2003,0.393,20.3939878,6
"968",2003,0.827,22.07799155,7
"969",2003,0.435,15.96170204,8
"970",2003,0.691,18.97129226,10
"971",2003,0.851,19.52266852,11
"972",2003,0.659,22.85065265,12
"973",2003,0.799,19.31010681,13
"974",2003,0.797,20.15948603,14
"975",2003,0.778,17.58627413,15
"976",2003,0.889,18.02801178,16
"977",2003,0.659,19.05460674,17
"978",2003,0.445,23.02166675,18
"979",2003,0.695,21.44984006,19
"980",2003,0.586,24.28221616,20
"981",2003,0.695,21.91061203,21
"982",2003,0.31,18.18125577,22
"983",2003,0.319,19.17683827,23
"984",2003,0.464,19.47995468,24
"985",2003,0.328,21.88615362,25
"986",2003,0.305,17.54753991,26
"987",2003,0.67,20.42080848,27
"988",2003,0.481,21.59200989,28
"989",2003,0.471,18.65654307,29
"990",2003,0.78,17.27898425,30
"991",2003,0.708,19.44555018,31
"992",2003,0.83,21.62953037,32
"993",2003,0.901,24.55010069,33
"994",2003,0.712,14.50758814,34
"995",2003,0.625,17.79039606,35
"996",2003,0.633,22.33979565,36
"997",2003,0.877,18.22460718,38
"998",2003,0.855,21.06085263,39
"999",2003,0.422,23.51651384,41
"1000",2003,0.708,21.48161384,42
"1001",2003,0.896,22.03620114,43
"1002",2003,0.833,20.68784587,44
"1003",2003,0.729,23.10535418,45
"1004",2003,0.567,24.0125708,46
"1005",2003,0.347,17.82003748,47
"1006",2003,0.618,20.23199391,49
"1007",2003,0.58,19.32059273,50
"1008",2003,0.589,20.64355475,51
"1009",2003,0.72,19.10699451,52
"1010",2003,0.726,18.09933184,53
"1011",2003,0.574,21.78160423,54
"1012",2003,0.494,17.34555552,55
"1013",2003,0.781,17.94986319,56
"1014",2003,0.444,21.90048672,57
"1015",2003,0.361,17.90603688,58
"1016",2003,0.73,23.90916835,59
"1017",2003,0.347,18.44959998,60
"1018",2003,0.81,22.84628619,61
"1019",2003,0.472,17.37959534,63
"1020",2003,0.722,20.19132193,64
"1021",2003,0.621,21.40094947,65
"1022",2003,0.442,16.77598513,66
"1023",2003,0.543,17.96673753,67
"1024",2003,0.47,20.60813992,68
"1025",2003,0.89,20.98661891,69
"1026",2003,0.891,22.14643724,70
"1027",2003,0.592,21.85782841,71
"1028",2003,0.276,20.4807042,72
"1029",2003,0.45,20.9466714,73
"1030",2003,0.923,17.6265251,74
"1031",2003,0.755,23.65432447,75
"1032",2003,0.746,18.3887411,76
"1033",2003,0.66,16.32014703,77
"1034",2003,0.642,22.27585389,78
"1035",2003,0.83,21.66879543,79
"1036",2003,0.739,23.48624903,80
"1037",2003,0.665,20.11021476,81
"1038",2003,0.519,19.80223946,82
"1039",2003,0.732,21.90815903,83
"1040",2003,0.714,21.08527405,84
"1041",2003,0.842,18.64585993,85
"1042",2003,0.778,21.36064689,86
"1043",2003,0.84,19.82527062,87
"1044",2003,0.712,23.05326197,88
"1045",2003,0.62,24.57219913,89
"1046",2003,0.588,26.75154436,90
"1047",2003,0.416,19.4121783,91
"1048",2003,0.693,20.55120762,92
"1049",2003,0.74,20.50922231,93
"1050",2003,0.684,19.08748395,95
"1051",2004,0.725,21.75367951,1
"1052",2004,0.752,21.10567327,2
"1053",2004,0.692,21.70881471,4
"1054",2004,0.451,20.09199406,5
"1055",2004,0.414,20.4627334,6
"1056",2004,0.677,22.17316004,7
"1057",2004,0.833,16.0653434,8
"1058",2004,0.446,17.54793976,9
"1059",2004,0.787,18.94470845,10
"1060",2004,0.911,19.56502741,11
"1061",2004,0.858,23.00361673,12
"1062",2004,0.667,19.11072887,13
"1063",2004,0.8,20.29363334,14
"1064",2004,0.506,17.61933296,15
"1065",2004,0.717,18.05278304,16
"1066",2004,0.893,19.21416149,17
"1067",2004,0.665,23.15129255,18
"1068",2004,0.641,21.71181057,19
"1069",2004,0.701,24.42092447,20
"1070",2004,0.592,22.12368423,21
"1071",2004,0.752,18.7401362,22
"1072",2004,0.32,19.34021257,23
"1073",2004,0.482,19.63995951,24
"1074",2004,0.888,21.99830246,25
"1075",2004,0.331,17.43599722,26
"1076",2004,0.628,20.38077553,27
"1077",2004,0.684,21.58604759,28
"1078",2004,0.483,18.66754082,29
"1079",2004,0.433,17.56960519,30
"1080",2004,0.786,19.55542806,31
"1081",2004,0.831,21.78553847,32
"1082",2004,0.834,24.69369023,33
"1083",2004,0.393,14.47375336,34
"1084",2004,0.693,17.84716099,35
"1085",2004,0.631,22.55863841,36
"1086",2004,0.709,17.91917467,38
"1087",2004,0.904,21.15023946,39
"1088",2004,0.626,23.73085586,41
"1089",2004,0.431,21.61072399,42
"1090",2004,0.715,22.38027815,43
"1091",2004,0.509,20.82026609,44
"1092",2004,0.843,23.13264629,45
"1093",2004,0.731,24.13312812,46
"1094",2004,0.571,17.81431901,47
"1095",2004,0.372,24.53745128,48
"1096",2004,0.45,19.37545284,50
"1097",2004,0.678,20.67676162,51
"1098",2004,0.871,19.27371726,52
"1099",2004,0.726,17.81319204,53
"1100",2004,0.49,21.76112192,54
"1101",2004,0.64,17.51746588,55
"1102",2004,0.48,18.16747231,58
"1103",2004,0.363,24.11958179,59
"1104",2004,0.649,18.68803506,60
"1105",2004,0.356,22.96153795,61
"1106",2004,0.819,20.97415154,62
"1107",2004,0.708,20.27696321,64
"1108",2004,0.684,21.52557644,65
"1109",2004,0.349,17.01098384,66
"1110",2004,0.452,18.25187132,67
"1111",2004,0.545,20.64210575,68
"1112",2004,0.476,20.94097171,69
"1113",2004,0.892,22.28741926,70
"1114",2004,0.894,22.03683669,71
"1115",2004,0.597,20.46496474,72
"1116",2004,0.285,21.14865376,73
"1117",2004,0.702,17.53433129,74
"1118",2004,0.473,23.76351248,75
"1119",2004,0.758,18.4935007,76
"1120",2004,0.473,16.58354346,77
"1121",2004,0.694,22.34134559,78
"1122",2004,0.809,21.85436633,79
"1123",2004,0.832,23.60414065,80
"1124",2004,0.396,20.24410923,81
"1125",2004,0.673,20.93899553,82
"1126",2004,0.426,21.9771196,83
"1127",2004,0.74,21.05152226,84
"1128",2004,0.345,18.66415904,85
"1129",2004,0.849,21.34756513,86
"1130",2004,0.844,23.11393267,88
"1131",2004,0.909,24.71169978,89
"1132",2004,0.636,26.86530324,90
"1133",2004,0.6,19.44780409,91
"1134",2004,0.439,20.63453248,92
"1135",2004,0.682,20.41604088,93
"1136",2004,0.75,18.40403704,94
"1137",2004,0.681,19.36107855,95
"1138",2005,0.436,21.79649883,1
"1139",2005,0.897,21.2536465,2
"1140",2005,0.626,23.3063421,3
"1141",2005,0.477,20.05636688,5
"1142",2005,0.46,20.4666659,6
"1143",2005,0.706,22.16504804,7
"1144",2005,0.685,16.18677831,8
"1145",2005,0.827,17.61561894,9
"1146",2005,0.764,18.94696024,10
"1147",2005,0.712,19.46390627,11
"1148",2005,0.906,23.3324985,12
"1149",2005,0.863,19.33130779,13
"1150",2005,0.674,20.36578196,14
"1151",2005,0.795,17.71863669,15
"1152",2005,0.787,18.07761381,16
"1153",2005,0.727,19.22306173,17
"1154",2005,0.897,23.28730193,18
"1155",2005,0.52,21.85479426,19
"1156",2005,0.643,24.55014223,20
"1157",2005,0.706,22.31539281,21
"1158",2005,0.822,18.92269805,22
"1159",2005,0.758,19.33646326,23
"1160",2005,0.596,19.75798187,24
"1161",2005,0.47,21.96697449,25
"1162",2005,0.894,17.61877307,26
"1163",2005,0.791,20.67617423,27
"1164",2005,0.64,21.7013813,28
"1165",2005,0.689,18.70510752,29
"1166",2005,0.738,17.90101069,30
"1167",2005,0.438,19.65051613,31
"1168",2005,0.734,21.82167512,32
"1169",2005,0.836,24.69183494,33
"1170",2005,0.91,14.9091388,34
"1171",2005,0.681,17.97746028,35
"1172",2005,0.698,22.67322899,36
"1173",2005,0.355,17.95210449,38
"1174",2005,0.705,21.19082137,39
"1175",2005,0.867,23.86189916,41
"1176",2005,0.632,21.48699766,42
"1177",2005,0.435,22.63970965,43
"1178",2005,0.908,20.85865158,44
"1179",2005,0.52,23.11378613,45
"1180",2005,0.853,24.1156795,46
"1181",2005,0.744,17.89862187,47
"1182",2005,0.574,24.51426436,48
"1183",2005,0.383,20.21853351,49
"1184",2005,0.629,19.57377959,50
"1185",2005,0.632,20.68506616,51
"1186",2005,0.706,19.31163198,52
"1187",2005,0.875,17.80483089,53
"1188",2005,0.747,21.8612071,54
"1189",2005,0.783,17.77630398,55
"1190",2005,0.642,18.01511018,56
"1191",2005,0.809,22.01016061,57
"1192",2005,0.88,17.94663618,58
"1193",2005,0.486,24.21838644,59
"1194",2005,0.73,18.88646313,60
"1195",2005,0.645,22.98158343,61
"1196",2005,0.367,21.05240479,62
"1197",2005,0.834,17.34549902,63
"1198",2005,0.486,20.32904944,64
"1199",2005,0.577,21.730863,65
"1200",2005,0.58,17.23207945,66
"1201",2005,0.36,18.16538761,67
"1202",2005,0.461,20.90811704,68
"1203",2005,0.545,21.04004721,69
"1204",2005,0.482,22.49760866,70
"1205",2005,0.897,22.11934281,71
"1206",2005,0.896,20.60391908,72
"1207",2005,0.601,21.40432786,73
"1208",2005,0.465,17.62209198,74
"1209",2005,0.736,23.95770152,75
"1210",2005,0.486,18.63904293,76
"1211",2005,0.754,16.50521162,77
"1212",2005,0.67,22.42141599,78
"1213",2005,0.813,21.9949806,79
"1214",2005,0.813,23.8215327,80
"1215",2005,0.753,20.28353815,81
"1216",2005,0.413,20.87598344,82
"1217",2005,0.77,21.97162965,83
"1218",2005,0.434,21.09505327,84
"1219",2005,0.732,18.75352922,85
"1220",2005,0.354,21.40862922,86
"1221",2005,0.86,19.96497105,87
"1222",2005,0.904,24.73335094,89
"1223",2005,0.914,26.94385601,90
"1224",2005,0.652,19.665768,91
"1225",2005,0.537,20.74934948,92
"1226",2005,0.438,20.51946827,93
"1227",2005,0.682,18.75364221,94
"1228",2005,0.748,18.69375666,95
"1229",2006,0.897,21.33712797,2
"1230",2006,0.758,23.37930526,3
"1231",2006,0.633,21.69411496,4
"1232",2006,0.624,20.16849203,5
"1233",2006,0.483,20.53655401,6
"1234",2006,0.429,22.1837153,7
"1235",2006,0.713,16.3237298,8
"1236",2006,0.69,17.66109737,9
"1237",2006,0.473,19.00582776,10
"1238",2006,0.812,19.42474157,11
"1239",2006,0.726,23.52084391,12
"1240",2006,0.909,19.4971717,13
"1241",2006,0.87,20.43690616,14
"1242",2006,0.804,17.61587553,15
"1243",2006,0.521,18.14468101,16
"1244",2006,0.791,19.36430584,17
"1245",2006,0.744,23.41856123,18
"1246",2006,0.467,22.07272972,19
"1247",2006,0.526,24.73671641,20
"1248",2006,0.649,22.39599103,21
"1249",2006,0.702,19.1390184,22
"1250",2006,0.825,19.40410755,23
"1251",2006,0.359,19.77575187,24
"1252",2006,0.506,22.08340375,25
"1253",2006,0.471,17.71780265,26
"1254",2006,0.33,20.67197254,27
"1255",2006,0.791,21.80592493,28
"1256",2006,0.653,18.77204159,29
"1257",2006,0.389,17.88488896,30
"1258",2006,0.745,19.66104435,31
"1259",2006,0.798,21.86382508,32
"1260",2006,0.756,24.72176148,33
"1261",2006,0.852,14.84023202,34
"1262",2006,0.721,18.14271938,35
"1263",2006,0.688,22.75235919,36
"1264",2006,0.469,18.14091285,38
"1265",2006,0.371,21.06690644,39
"1266",2006,0.912,23.89931466,41
"1267",2006,0.871,21.68333424,42
"1268",2006,0.632,22.89248807,43
"1269",2006,0.731,20.89753768,44
"1270",2006,0.918,23.17072767,45
"1271",2006,0.529,24.11215519,46
"1272",2006,0.859,18.10110232,47
"1273",2006,0.745,24.45022576,48
"1274",2006,0.583,20.36880484,49
"1275",2006,0.411,19.74458681,50
"1276",2006,0.546,20.7321812,51
"1277",2006,0.87,19.32543799,52
"1278",2006,0.711,17.80290107,53
"1279",2006,0.741,21.90689227,54
"1280",2006,0.586,17.60952508,55
"1281",2006,0.788,18.22108501,56
"1282",2006,0.514,22.12997574,57
"1283",2006,0.826,17.86623644,58
"1284",2006,0.377,18.87333276,60
"1285",2006,0.737,23.04739378,61
"1286",2006,0.659,21.10440466,62
"1287",2006,0.376,17.43410555,63
"1288",2006,0.745,21.82939209,65
"1289",2006,0.773,17.25938314,66
"1290",2006,0.586,18.48419442,67
"1291",2006,0.366,20.97872953,68
"1292",2006,0.471,21.19780371,69
"1293",2006,0.551,22.61327265,70
"1294",2006,0.493,22.12611827,71
"1295",2006,0.903,20.78693688,72
"1296",2006,0.898,21.53485958,73
"1297",2006,0.3,17.81476846,74
"1298",2006,0.934,24.11038145,75
"1299",2006,0.74,18.8164668,76
"1300",2006,0.774,16.48040177,77
"1301",2006,0.485,22.48637331,78
"1302",2006,0.656,21.97778146,79
"1303",2006,0.819,23.94920616,80
"1304",2006,0.774,20.48942912,81
"1305",2006,0.76,21.22273069,82
"1306",2006,0.543,21.9259298,83
"1307",2006,0.777,21.08458098,84
"1308",2006,0.754,18.80878214,85
"1309",2006,0.722,21.61604923,86
"1310",2006,0.626,20.02452839,87
"1311",2006,0.868,23.3157779,88
"1312",2006,0.691,24.77475467,89
"1313",2006,0.908,26.99236212,90
"1314",2006,0.92,19.7888078,91
"1315",2006,0.697,20.97521363,92
"1316",2006,0.563,20.52740974,93
"1317",2006,0.444,19.14266915,94
"1318",2006,0.683,18.90125332,95
"1319",2007,0.704,22.09592139,1
"1320",2007,0.814,21.55462952,2
"1321",2007,0.903,23.56738659,3
"1322",2007,0.763,21.97597679,4
"1323",2007,0.731,20.28096016,5
"1324",2007,0.632,20.67561246,6
"1325",2007,0.414,22.36497343,7
"1326",2007,0.447,16.43720916,8
"1327",2007,0.837,19.21494253,10
"1328",2007,0.776,19.54056975,11
"1329",2007,0.817,23.74299575,12
"1330",2007,0.741,19.59358741,13
"1331",2007,0.912,20.75491394,14
"1332",2007,0.706,17.65084054,15
"1333",2007,0.799,18.18515366,16
"1334",2007,0.528,19.50822844,17
"1335",2007,0.796,23.58072061,18
"1336",2007,0.674,22.11516399,19
"1337",2007,0.475,24.94294356,20
"1338",2007,0.542,22.63661778,21
"1339",2007,0.628,19.1395796,22
"1340",2007,0.706,19.59507805,23
"1341",2007,0.352,19.81983301,24
"1342",2007,0.617,22.15253649,25
"1343",2007,0.52,17.35701211,26
"1344",2007,0.347,20.99329297,27
"1345",2007,0.34,21.91927953,28
"1346",2007,0.804,18.9250858,29
"1347",2007,0.486,17.94066745,30
"1348",2007,0.4,19.70200426,31
"1349",2007,0.449,21.91614465,32
"1350",2007,0.808,24.827478,33
"1351",2007,0.849,15.32998398,34
"1352",2007,0.423,18.65240965,35
"1353",2007,0.725,22.86721741,36
"1354",2007,0.846,18.37907032,38
"1355",2007,0.478,21.29789077,39
"1356",2007,0.711,24.06452825,41
"1357",2007,0.915,21.93185547,42
"1358",2007,0.874,22.95659751,43
"1359",2007,0.446,21.03969962,44
"1360",2007,0.743,23.2188603,45
"1361",2007,0.921,24.18845258,46
"1362",2007,0.541,18.2405002,47
"1363",2007,0.857,24.4253094,48
"1364",2007,0.75,20.75519082,49
"1365",2007,0.4,20.01943155,50
"1366",2007,0.905,20.86497267,51
"1367",2007,0.889,19.47168196,52
"1368",2007,0.874,18.22146053,53
"1369",2007,0.882,22.10216727,54
"1370",2007,0.523,17.71269151,55
"1371",2007,0.654,22.287672,57
"1372",2007,0.893,18.04417277,58
"1373",2007,0.498,18.94880821,60
"1374",2007,0.388,23.1639051,61
"1375",2007,0.75,21.26209329,62
"1376",2007,0.664,17.49110323,63
"1377",2007,0.837,20.69416795,64
"1378",2007,0.731,21.90025895,65
"1379",2007,0.671,17.48640676,66
"1380",2007,0.784,18.70128998,67
"1381",2007,0.594,21.01043931,68
"1382",2007,0.378,21.42357284,69
"1383",2007,0.482,22.87376403,70
"1384",2007,0.559,22.19715526,71
"1385",2007,0.498,21.1693771,72
"1386",2007,0.91,21.68173059,73
"1387",2007,0.611,17.83334191,74
"1388",2007,0.721,24.29193938,75
"1389",2007,0.936,19.07720531,76
"1390",2007,0.496,16.53527214,77
"1391",2007,0.767,22.59791457,78
"1392",2007,0.704,21.98334037,79
"1393",2007,0.662,24.04564111,80
"1394",2007,0.838,20.77663295,81
"1395",2007,0.788,21.60995167,82
"1396",2007,0.686,21.98307437,83
"1397",2007,0.548,21.19266536,84
"1398",2007,0.447,18.92879596,85
"1399",2007,0.758,21.98247497,86
"1400",2007,0.88,20.01124274,87
"1401",2007,0.632,23.45237029,88
"1402",2007,0.45,24.91270979,89
"1403",2007,0.697,27.04583108,90
"1404",2007,0.91,19.84630478,91
"1405",2007,0.456,21.30224574,92
"1406",2007,0.714,20.77253147,93
"1407",2007,0.585,19.26344835,94
"1408",2008,0.7,22.36659044,1
"1409",2008,0.751,21.74894185,2
"1410",2008,0.899,23.64820499,3
"1411",2008,0.906,22.04414973,4
"1412",2008,0.583,20.39468789,5
"1413",2008,0.748,20.75284407,6
"1414",2008,0.488,22.56315201,7
"1415",2008,0.421,16.74498216,8
"1416",2008,0.447,17.98565192,9
"1417",2008,0.702,19.60606599,10
"1418",2008,0.501,19.62185039,11
"1419",2008,0.774,23.92001478,12
"1420",2008,0.821,19.70712448,13
"1421",2008,0.745,20.76061165,14
"1422",2008,0.893,17.59642939,15
"1423",2008,0.804,18.22989212,16
"1424",2008,0.8,19.6636419,17
"1425",2008,0.531,23.68554775,18
"1426",2008,0.906,22.25838477,19
"1427",2008,0.679,25.18181475,20
"1428",2008,0.482,22.9261555,21
"1429",2008,0.726,18.89067454,22
"1430",2008,0.641,19.72606483,23
"1431",2008,0.78,19.93317386,24
"1432",2008,0.384,22.28938492,25
"1433",2008,0.625,17.40663482,26
"1434",2008,0.898,21.22404112,27
"1435",2008,0.352,22.05295819,28
"1436",2008,0.346,18.96880215,29
"1437",2008,0.508,18.01508308,30
"1438",2008,0.501,19.77699928,31
"1439",2008,0.761,22.09903458,32
"1440",2008,0.455,24.91306372,33
"1441",2008,0.783,16.65829754,34
"1442",2008,0.917,18.54879389,35
"1443",2008,0.432,23.08167709,36
"1444",2008,0.426,18.70155268,38
"1445",2008,0.848,21.3480686,39
"1446",2008,0.403,24.21984542,41
"1447",2008,0.712,21.89642954,42
"1448",2008,0.917,23.12858351,43
"1449",2008,0.639,21.18251865,44
"1450",2008,0.453,23.37594073,45
"1451",2008,0.742,24.32984977,46
"1452",2008,0.924,18.68840883,47
"1453",2008,0.553,24.55973453,48
"1454",2008,0.865,21.02956129,49
"1455",2008,0.597,20.17855925,50
"1456",2008,0.822,20.87983009,51
"1457",2008,0.911,19.28238927,52
"1458",2008,0.889,18.45287238,53
"1459",2008,0.737,22.2075476,54
"1460",2008,0.758,17.84144278,55
"1461",2008,0.532,18.6303206,56
"1462",2008,0.79,22.32056354,57
"1463",2008,0.8,18.2428625,58
"1464",2008,0.89,19.04699181,60
"1465",2008,0.506,23.23893194,61
"1466",2008,0.405,21.23083185,62
"1467",2008,0.761,17.56876591,63
"1468",2008,0.394,21.2029309,64
"1469",2008,0.494,21.96525201,65
"1470",2008,0.71,17.48754956,66
"1471",2008,0.682,18.94039588,67
"1472",2008,0.794,21.13117056,68
"1473",2008,0.602,21.54344423,69
"1474",2008,0.387,22.9585803,70
"1475",2008,0.493,22.2943993,71
"1476",2008,0.567,21.56375486,72
"1477",2008,0.509,21.8220131,73
"1478",2008,0.902,18.03001104,74
"1479",2008,0.484,24.36670152,75
"1480",2008,0.737,19.19480999,76
"1481",2008,0.77,16.22468833,77
"1482",2008,0.781,22.73206012,78
"1483",2008,0.684,21.91291406,79
"1484",2008,0.715,23.98414352,80
"1485",2008,0.817,21.13627773,81
"1486",2008,0.843,21.89574797,82
"1487",2008,0.461,22.1338769,83
"1488",2008,0.687,21.27278329,84
"1489",2008,0.792,19.08337027,85
"1490",2008,0.457,22.21975766,86
"1491",2008,0.823,20.17666015,87
"1492",2008,0.886,23.56394029,88
"1493",2008,0.746,24.90713799,89
"1494",2008,0.461,27.15459692,90
"1495",2008,0.701,20.1571106,91
"1496",2008,0.639,21.48296152,92
"1497",2008,0.465,20.90259272,93
"1498",2008,0.718,19.44332998,94
"1499",2009,0.778,22.38730332,1
"1500",2009,0.479,21.81581052,2
"1501",2009,0.821,23.66560464,3
"1502",2009,0.903,21.92766503,4
"1503",2009,0.653,20.53475495,5
"1504",2009,0.589,20.9534177,6
"1505",2009,0.495,22.44971672,7
"1506",2009,0.503,16.66433885,8
"1507",2009,0.733,19.66130687,10
"1508",2009,0.839,19.61504941,11
"1509",2009,0.515,23.96776301,12
"1510",2009,0.767,19.67275697,13
"1511",2009,0.821,20.68582786,14
"1512",2009,0.727,18.73249238,16
"1513",2009,0.803,19.65401375,17
"1514",2009,0.798,23.66434265,18
"1515",2009,0.787,22.08481187,19
"1516",2009,0.907,25.38670493,20
"1517",2009,0.684,22.92417281,21
"1518",2009,0.663,18.62262526,22
"1519",2009,0.727,19.85590584,23
"1520",2009,0.827,19.97111738,24
"1521",2009,0.373,22.19053071,25
"1522",2009,0.498,21.39109521,27
"1523",2009,0.898,22.11390188,28
"1524",2009,0.356,19.06200818,29
"1525",2009,0.72,18.1450803,30
"1526",2009,0.514,19.64336078,31
"1527",2009,0.419,22.09459498,32
"1528",2009,0.762,24.92622604,33
"1529",2009,0.812,15.77494309,34
"1530",2009,0.866,18.58865608,35
"1531",2009,0.914,23.08801302,36
"1532",2009,0.585,18.87049798,38
"1533",2009,0.436,21.11247836,39
"1534",2009,0.498,24.37967774,41
"1535",2009,0.411,21.91853865,42
"1536",2009,0.715,23.25574154,43
"1537",2009,0.876,21.07090787,44
"1538",2009,0.646,23.36449054,45
"1539",2009,0.456,24.25122747,46
"1540",2009,0.746,18.55877462,47
"1541",2009,0.924,24.66417088,48
"1542",2009,0.558,21.17326435,49
"1543",2009,0.75,20.17520842,50
"1544",2009,0.605,21.07828103,51
"1545",2009,0.632,19.22250216,52
"1546",2009,0.906,18.07798226,53
"1547",2009,0.876,22.10072571,54
"1548",2009,0.743,17.89491256,55
"1549",2009,0.762,18.55891395,56
"1550",2009,0.588,22.30338098,57
"1551",2009,0.452,18.24992575,58
"1552",2009,0.828,19.1612052,60
"1553",2009,0.893,23.21909694,61
"1554",2009,0.51,21.2075505,62
"1555",2009,0.42,17.54653368,63
"1556",2009,0.674,21.13171726,64
"1557",2009,0.596,17.76768023,66
"1558",2009,0.706,18.94236477,67
"1559",2009,0.687,21.33767438,68
"1560",2009,0.797,21.4726918,69
"1561",2009,0.608,22.79061101,70
"1562",2009,0.394,22.32259087,71
"1563",2009,0.504,21.39024954,72
"1564",2009,0.576,21.52308771,73
"1565",2009,0.912,18.13670494,74
"1566",2009,0.321,24.44333383,75
"1567",2009,0.49,19.18533078,76
"1568",2009,0.937,15.97320888,77
"1569",2009,0.508,22.74319114,78
"1570",2009,0.512,22.00216642,79
"1571",2009,0.681,23.92502244,80
"1572",2009,0.834,21.14344376,81
"1573",2009,0.823,21.88029891,82
"1574",2009,0.773,22.12335075,83
"1575",2009,0.477,21.50349607,84
"1576",2009,0.556,19.20675739,85
"1577",2009,0.796,22.29180981,86
"1578",2009,0.888,20.15193963,87
"1579",2009,0.825,23.51763451,88
"1580",2009,0.865,24.78223583,89
"1581",2009,0.749,27.2290499,90
"1582",2009,0.468,20.17344989,91
"1583",2009,0.674,21.59933894,92
"1584",2009,0.633,21.07446852,93
"1585",2009,0.474,19.21350259,94
"1586",2010,0.693,22.45868581,1
"1587",2010,0.749,23.86818045,3
"1588",2010,0.819,21.89213502,4
"1589",2010,0.775,20.55226296,5
"1590",2010,0.66,21.20854291,6
"1591",2010,0.659,22.38048779,7
"1592",2010,0.502,16.54579507,8
"1593",2010,0.472,19.60673338,10
"1594",2010,0.721,19.66964429,11
"1595",2010,0.837,24.24971296,12
"1596",2010,0.517,19.78350057,13
"1597",2010,0.763,20.61062056,14
"1598",2010,0.904,18.93862851,16
"1599",2010,0.726,19.68496113,17
"1600",2010,0.805,23.6841835,18
"1601",2010,0.797,22.31129238,19
"1602",2010,0.795,25.47685603,20
"1603",2010,0.91,23.06719002,21
"1604",2010,0.574,19.02871709,22
"1605",2010,0.667,19.77572213,23
"1606",2010,0.727,19.9842578,24
"1607",2010,0.788,22.22811896,25
"1608",2010,0.539,21.4604299,27
"1609",2010,0.505,22.20652502,28
"1610",2010,0.901,19.11881547,29
"1611",2010,0.699,18.44079876,30
"1612",2010,0.729,19.53127771,31
"1613",2010,0.52,22.03623129,32
"1614",2010,0.435,24.84687382,33
"1615",2010,0.856,18.62346213,35
"1616",2010,0.87,22.82295346,36
"1617",2010,0.668,18.95240827,38
"1618",2010,0.576,21.02397796,39
"1619",2010,0.852,24.55387151,41
"1620",2010,0.51,22.26300329,42
"1621",2010,0.421,23.33048395,43
"1622",2010,0.916,20.96560688,44
"1623",2010,0.879,23.40465022,45
"1624",2010,0.652,24.18965215,46
"1625",2010,0.459,18.56539904,47
"1626",2010,0.751,24.72431479,48
"1627",2010,0.927,21.16659646,49
"1628",2010,0.865,20.24853079,50
"1629",2010,0.471,21.18410655,51
"1630",2010,0.742,19.42913282,52
"1631",2010,0.636,17.85720815,53
"1632",2010,0.895,22.07245144,54
"1633",2010,0.887,17.88844335,55
"1634",2010,0.551,22.49774324,57
"1635",2010,0.46,18.41254707,58
"1636",2010,0.904,19.35657829,60
"1637",2010,0.831,23.14101037,61
"1638",2010,0.898,21.38117333,62
"1639",2010,0.511,17.60587299,63
"1640",2010,0.772,21.41145056,64
"1641",2010,0.853,22.02383656,65
"1642",2010,0.748,17.65142165,66
"1643",2010,0.601,19.13659309,67
"1644",2010,0.713,21.50210698,68
"1645",2010,0.696,21.61452162,69
"1646",2010,0.802,22.8968999,70
"1647",2010,0.616,22.27484665,71
"1648",2010,0.401,21.35281179,72
"1649",2010,0.515,21.45861987,73
"1650",2010,0.537,18.12650319,74
"1651",2010,0.622,24.53534769,75
"1652",2010,0.331,19.0922615,76
"1653",2010,0.743,15.78367967,77
"1654",2010,0.782,22.81622207,78
"1655",2010,0.774,22.15552927,79
"1656",2010,0.522,24.06170733,80
"1657",2010,0.671,21.14985695,81
"1658",2010,0.805,22.13800378,83
"1659",2010,0.781,21.57598666,84
"1660",2010,0.698,19.4599856,85
"1661",2010,0.561,22.32515935,86
"1662",2010,0.399,20.16323079,87
"1663",2010,0.909,23.6102636,88
"1664",2010,0.41,24.78513626,89
"1665",2010,0.872,27.27148494,90
"1666",2010,0.754,20.4431014,91
"1667",2010,0.941,21.70620028,92
"1668",2010,0.672,21.09355505,93
"1669",2010,0.638,19.45097057,94
"1670",2010,0.481,18.40346337,95
"1671",2011,0.466,22.88108374,1
"1672",2011,0.739,22.12245917,2
"1673",2011,0.498,24.00407173,3
"1674",2011,0.755,21.94989637,4
"1675",2011,0.916,20.75622723,5
"1676",2011,0.782,21.31190758,6
"1677",2011,0.757,22.42789955,7
"1678",2011,0.661,16.55093271,8
"1679",2011,0.482,19.81585696,10
"1680",2011,0.764,19.71080688,11
"1681",2011,0.728,24.3324582,12
"1682",2011,0.836,19.84468393,13
"1683",2011,0.533,20.53576902,14
"1684",2011,0.932,19.07383589,16
"1685",2011,0.906,19.66621158,17
"1686",2011,0.727,23.7863633,18
"1687",2011,0.566,22.46140511,19
"1688",2011,0.799,25.65051952,20
"1689",2011,0.801,23.05604822,21
"1690",2011,0.5,19.29108479,22
"1691",2011,0.585,19.69417101,23
"1692",2011,0.677,19.98874509,24
"1693",2011,0.831,22.23146586,25
"1694",2011,0.639,21.62086293,27
"1695",2011,0.546,22.21930528,28
"1696",2011,0.514,19.21231487,29
"1697",2011,0.815,18.48486991,30
"1698",2011,0.707,19.62197528,31
"1699",2011,0.533,22.13413227,32
"1700",2011,0.522,24.8914946,33
"1701",2011,0.78,19.27223018,35
"1702",2011,0.86,22.68738186,36
"1703",2011,0.671,19.11561835,38
"1704",2011,0.664,21.1099353,39
"1705",2011,0.436,24.62793821,41
"1706",2011,0.86,22.48765859,42
"1707",2011,0.524,23.38196243,43
"1708",2011,0.719,20.98588511,44
"1709",2011,0.92,23.51707839,45
"1710",2011,0.882,24.24457849,46
"1711",2011,0.657,18.7106494,47
"1712",2011,0.455,24.83023395,48
"1713",2011,0.757,21.19000711,49
"1714",2011,0.574,20.28735921,50
"1715",2011,0.658,21.20971721,51
"1716",2011,0.673,19.36444039,52
"1717",2011,0.753,18.09203511,53
"1718",2011,0.902,22.26922784,54
"1719",2011,0.731,17.83895197,55
"1720",2011,0.772,22.59065652,57
"1721",2011,0.768,18.59355097,58
"1722",2011,0.764,19.46631007,60
"1723",2011,0.909,23.17839471,61
"1724",2011,0.838,21.45567748,62
"1725",2011,0.899,17.75618149,63
"1726",2011,0.44,21.59243814,64
"1727",2011,0.413,22.33284678,65
"1728",2011,0.76,17.97740685,66
"1729",2011,0.755,19.46837244,67
"1730",2011,0.604,21.57987783,68
"1731",2011,0.719,21.71707011,69
"1732",2011,0.71,22.96985428,70
"1733",2011,0.806,22.31339728,71
"1734",2011,0.397,21.59031232,73
"1735",2011,0.602,18.13810466,74
"1736",2011,0.909,24.60546723,75
"1737",2011,0.628,19.25441714,76
"1738",2011,0.492,15.98029286,77
"1739",2011,0.942,22.91181599,78
"1740",2011,0.793,22.24805048,79
"1741",2011,0.78,24.15698552,80
"1742",2011,0.734,21.28397282,81
"1743",2011,0.84,22.32746281,83
"1744",2011,0.806,21.63750947,84
"1745",2011,0.5,19.54390104,85
"1746",2011,0.701,22.43037185,86
"1747",2011,0.767,20.38812815,87
"1748",2011,0.406,23.57425447,88
"1749",2011,0.895,24.82210753,89
"1750",2011,0.43,27.28993827,90
"1751",2011,0.878,20.53069216,91
"1752",2011,0.912,21.71151273,92
"1753",2011,0.941,21.20089931,93
"1754",2011,0.678,19.54921994,94
"1755",2011,0.636,19.10598727,95
"1756",2012,0.644,22.95610282,1
"1757",2012,0.718,22.24129388,2
"1758",2012,0.673,23.9896579,3
"1759",2012,0.504,21.88241724,4
"1760",2012,0.906,20.89062675,5
"1761",2012,0.919,21.32398248,6
"1762",2012,0.591,22.36594466,7
"1763",2012,0.769,16.53806342,8
"1764",2012,0.671,18.17507544,9
"1765",2012,0.534,20.02985871,10
"1766",2012,0.489,19.60508583,11
"1767",2012,0.775,24.24924408,12
"1768",2012,0.728,19.83473976,13
"1769",2012,0.858,20.50948992,14
"1770",2012,0.759,17.8924828,15
"1771",2012,0.756,19.1968158,16
"1772",2012,0.937,19.68607069,17
"1773",2012,0.908,23.74135175,18
"1774",2012,0.808,22.42183155,19
"1775",2012,0.575,25.77951164,20
"1776",2012,0.808,23.1833906,21
"1777",2012,0.701,19.62213231,22
"1778",2012,0.51,19.82578836,23
"1779",2012,0.748,19.84257466,24
"1780",2012,0.735,22.20996151,25
"1781",2012,0.426,21.67483722,27
"1782",2012,0.644,22.24009465,28
"1783",2012,0.552,19.228495,29
"1784",2012,0.388,18.32240392,30
"1785",2012,0.821,19.71961553,31
"1786",2012,0.739,22.09526855,32
"1787",2012,0.538,24.81819612,33
"1788",2012,0.442,16.22901786,34
"1789",2012,0.825,19.63636759,35
"1790",2012,0.769,22.50075538,36
"1791",2012,0.751,19.17370532,38
"1792",2012,0.677,21.00262162,39
"1793",2012,0.584,24.57801814,41
"1794",2012,0.441,22.59984091,42
"1795",2012,0.865,23.52626029,43
"1796",2012,0.438,20.86955576,44
"1797",2012,0.722,23.46842528,45
"1798",2012,0.921,24.11713672,46
"1799",2012,0.885,18.74011949,47
"1800",2012,0.666,24.81780255,48
"1801",2012,0.461,21.11044266,49
"1802",2012,0.934,20.54899886,50
"1803",2012,0.448,21.2869954,51
"1804",2012,0.597,19.28569102,52
"1805",2012,0.681,18.044328,53
"1806",2012,0.646,22.22895349,54
"1807",2012,0.882,17.72597252,55
"1808",2012,0.731,18.77344745,56
"1809",2012,0.735,22.66613948,57
"1810",2012,0.832,18.75070763,58
"1811",2012,0.759,21.81157054,59
"1812",2012,0.469,19.36336738,60
"1813",2012,0.789,23.06167364,61
"1814",2012,0.908,21.46279363,62
"1815",2012,0.841,18.06590357,63
"1816",2012,0.514,21.56331385,64
"1817",2012,0.704,22.94795968,65
"1818",2012,0.517,18.52164026,66
"1819",2012,0.771,19.58667051,67
"1820",2012,0.759,21.7733821,68
"1821",2012,0.605,21.78752311,69
"1822",2012,0.726,22.91902699,70
"1823",2012,0.718,22.14329813,71
"1824",2012,0.635,21.46657663,73
"1825",2012,0.533,18.19495774,74
"1826",2012,0.928,24.75746872,75
"1827",2012,0.911,19.09699448,76
"1828",2012,0.35,16.11047768,77
"1829",2012,0.748,22.93941553,78
"1830",2012,0.519,22.22502724,79
"1831",2012,0.795,24.18749313,80
"1832",2012,0.701,21.11185781,81
"1833",2012,0.836,22.24761751,83
"1834",2012,0.798,19.70089049,85
"1835",2012,0.508,22.42654289,86
"1836",2012,0.775,20.3394046,87
"1837",2012,0.755,23.61131492,88
"1838",2012,0.675,24.79221834,89
"1839",2012,0.898,27.25268468,90
"1840",2012,0.397,20.64491539,91
"1841",2012,0.729,21.93546284,92
"1842",2012,0.914,21.20497576,93
"1843",2012,0.944,19.66282012,94
"1844",2012,0.664,19.57841692,95
"1845",2013,0.737,23.04188059,1
"1846",2013,0.78,22.35992473,2
"1847",2013,0.765,23.93512762,3
"1848",2013,0.679,21.89545872,4
"1849",2013,0.832,21.02159581,5
"1850",2013,0.904,21.44012421,6
"1851",2013,0.685,22.38399837,7
"1852",2013,0.591,16.69352151,8
"1853",2013,0.772,18.26989457,9
"1854",2013,0.504,20.15129121,10
"1855",2013,0.525,19.54052788,11
"1856",2013,0.496,24.21597186,12
"1857",2013,0.782,19.83676272,13
"1858",2013,0.729,20.617443,14
"1859",2013,0.555,17.92407849,15
"1860",2013,0.835,19.31050474,16
"1861",2013,0.762,19.78891464,17
"1862",2013,0.931,23.64188654,18
"1863",2013,0.806,22.43343186,19
"1864",2013,0.815,25.91622269,20
"1865",2013,0.579,23.24929944,21
"1866",2013,0.916,19.7410371,22
"1867",2013,0.702,19.87930424,23
"1868",2013,0.684,19.76856001,24
"1869",2013,0.701,22.16230624,25
"1870",2013,0.41,21.72969887,27
"1871",2013,0.432,22.19569988,28
"1872",2013,0.647,19.28567818,29
"1873",2013,0.363,18.27032724,30
"1874",2013,0.394,19.65924095,31
"1875",2013,0.724,22.1490549,32
"1876",2013,0.742,24.8571051,33
"1877",2013,0.545,16.15528456,34
"1878",2013,0.49,19.35676256,35
"1879",2013,0.83,22.45583831,36
"1880",2013,0.739,10.85119647,37
"1881",2013,0.718,19.50220716,38
"1882",2013,0.754,20.97016573,39
"1883",2013,0.67,24.58196251,41
"1884",2013,0.585,22.84959438,42
"1885",2013,0.446,23.20793804,43
"1886",2013,0.554,20.90205068,44
"1887",2013,0.447,23.57511088,45
"1888",2013,0.728,24.12304374,46
"1889",2013,0.928,18.67090487,47
"1890",2013,0.889,24.61557443,48
"1891",2013,0.673,21.09132642,49
"1892",2013,0.775,20.57309494,50
"1893",2013,0.445,21.38374428,51
"1894",2013,0.927,19.37100919,52
"1895",2013,0.604,18.09047905,53
"1896",2013,0.771,22.31570463,54
"1897",2013,0.905,17.8005877,55
"1898",2013,0.881,18.78681915,56
"1899",2013,0.902,22.78220023,57
"1900",2013,0.582,18.87742254,58
"1901",2013,0.839,21.58488456,59
"1902",2013,0.489,19.45400196,60
"1903",2013,0.477,23.04822479,61
"1904",2013,0.761,21.48131358,62
"1905",2013,0.912,18.12673927,63
"1906",2013,0.9,21.60652092,64
"1907",2013,0.785,22.89418293,65
"1908",2013,0.525,19.73229352,67
"1909",2013,0.779,21.91883902,68
"1910",2013,0.756,21.94026183,69
"1911",2013,0.605,22.95066518,70
"1912",2013,0.735,22.27594334,71
"1913",2013,0.811,21.62037904,73
"1914",2013,0.417,18.22807507,74
"1915",2013,0.568,24.92795846,75
"1916",2013,0.93,19.28246425,76
"1917",2013,0.639,16.43774513,77
"1918",2013,0.519,22.95818009,78
"1919",2013,0.799,22.13868407,79
"1920",2013,0.523,24.25873827,80
"1921",2013,0.537,21.19379521,81
"1922",2013,0.856,22.33925895,83
"1923",2013,0.808,19.90993763,85
"1924",2013,0.802,22.49843799,86
"1925",2013,0.494,20.44798506,87
"1926",2013,0.778,23.64978597,88
"1927",2013,0.893,24.76388889,89
"1928",2013,0.685,27.18473401,90
"1929",2013,0.901,20.76736345,91
"1930",2013,0.494,22.03893634,92
"1931",2013,0.734,21.22328358,93
"1932",2013,0.933,19.75921714,94
"1933",2013,0.946,19.69240565,95
"1934",2014,0.497,22.99790197,1
"1935",2014,0.708,22.32858382,2
"1936",2014,0.723,23.97300868,3
"1937",2014,0.785,21.9187505,4
"1938",2014,0.767,21.11210412,5
"1939",2014,0.838,21.58022751,6
"1940",2014,0.8,22.37029032,7
"1941",2014,0.692,16.80707792,8
"1942",2014,0.593,18.34801011,9
"1943",2014,0.681,20.25467736,10
"1944",2014,0.557,19.66276244,11
"1945",2014,0.537,24.20940511,12
"1946",2014,0.5,20.0842,13
"1947",2014,0.787,20.54380054,14
"1948",2014,0.863,17.94550045,15
"1949",2014,0.76,19.4430203,16
"1950",2014,0.836,19.81079052,17
"1951",2014,0.764,23.60547774,18
"1952",2014,0.74,22.3530512,19
"1953",2014,0.805,26.02657075,20
"1954",2014,0.82,23.19525247,21
"1955",2014,0.814,19.64805188,22
"1956",2014,0.918,20.07176044,23
"1957",2014,0.618,19.69550385,24
"1958",2014,0.758,22.12367548,25
"1959",2014,0.806,21.74805898,27
"1960",2014,0.413,22.34958457,28
"1961",2014,0.438,19.27040423,29
"1962",2014,0.918,18.21433692,30
"1963",2014,0.368,19.84252569,31
"1964",2014,0.837,22.10593071,32
"1965",2014,0.731,24.87609264,33
"1966",2014,0.543,16.49652913,34
"1967",2014,0.796,19.34752922,35
"1968",2014,0.492,22.43368616,36
"1969",2014,0.492,10.88765364,37
"1970",2014,0.741,19.5651325,38
"1971",2014,0.73,20.91372246,39
"1972",2014,0.685,24.6534059,41
"1973",2014,0.668,22.65901818,42
"1974",2014,0.586,23.01591222,43
"1975",2014,0.871,20.89951373,44
"1976",2014,0.568,23.64027031,45
"1977",2014,0.455,24.04473559,46
"1978",2014,0.733,18.61385757,47
"1979",2014,0.928,24.57088353,48
"1980",2014,0.893,21.16079356,49
"1981",2014,0.468,20.52364855,50
"1982",2014,0.648,21.54307473,51
"1983",2014,0.838,19.44679048,52
"1984",2014,0.931,18.05937658,53
"1985",2014,0.69,22.31642089,54
"1986",2014,0.928,17.85001452,55
"1987",2014,0.909,18.79117014,56
"1988",2014,0.729,22.88237097,57
"1989",2014,0.686,18.97314059,58
"1990",2014,0.589,21.58737669,59
"1991",2014,0.748,19.60887673,60
"1992",2014,0.498,23.05857006,61
"1993",2014,0.478,21.54487169,62
"1994",2014,0.728,18.2147867,63
"1995",2014,0.859,21.58093794,64
"1996",2014,0.465,22.82904791,65
"1997",2014,0.874,18.53735675,66
"1998",2014,0.531,21.89189516,68
"1999",2014,0.789,21.85567656,69
"2000",2014,0.761,23.05978399,70
"2001",2014,0.604,22.13706545,71
"2002",2014,0.732,21.71335346,73
"2003",2014,0.652,18.32568583,74
"2004",2014,0.631,25.11477735,75
"2005",2014,0.576,19.2957061,76
"2006",2014,0.916,17.29975017,77
"2007",2014,0.365,22.98467495,78
"2008",2014,0.944,22.08230954,79
"2009",2014,0.802,24.34900123,80
"2010",2014,0.795,21.37276756,81
"2011",2014,0.696,22.25209584,83
"2012",2014,0.835,20.04458784,85
"2013",2014,0.811,22.46894373,86
"2014",2014,0.852,20.62714835,87
"2015",2014,0.499,23.60089946,88
"2016",2014,0.847,24.80389779,89
"2017",2014,0.894,27.13672479,90
"2018",2014,0.693,20.7571846,91
"2019",2014,0.773,22.17153017,92
"2020",2014,0.499,21.26258028,93
"2021",2014,0.735,19.91044372,94
"2022",2014,0.935,19.7238652,95
"2023",2015,0.652,23.0662934,1
"2024",2015,0.493,22.42484832,2
"2025",2015,0.785,23.90321658,3
"2026",2015,0.726,21.70362365,4
"2027",2015,0.519,21.08931163,5
"2028",2015,0.771,21.75832814,6
"2029",2015,0.92,22.15884138,7
"2030",2015,0.803,16.79702346,8
"2031",2015,0.696,18.3252275,9
"2032",2015,0.775,20.17079188,10
"2033",2015,0.502,19.76547548,11
"2034",2015,0.561,23.9267316,12
"2035",2015,0.547,19.86529599,13
"2036",2015,0.5,20.30903424,14
"2037",2015,0.74,18.0076559,15
"2038",2015,0.572,19.59991423,16
"2039",2015,0.762,19.6842853,17
"2040",2015,0.84,23.61016724,18
"2041",2015,0.915,22.2559896,19
"2042",2015,0.744,26.08924185,20
"2043",2015,0.808,22.93452101,21
"2044",2015,0.809,20.01251839,22
"2045",2015,0.814,20.16056982,23
"2046",2015,0.532,19.60819411,24
"2047",2015,0.697,21.93641078,25
"2048",2015,0.838,21.67781913,27
"2049",2015,0.809,22.42354776,28
"2050",2015,0.422,19.32772889,29
"2051",2015,0.549,18.11317486,30
"2052",2015,0.921,19.90806748,31
"2053",2015,0.398,21.94678681,32
"2054",2015,0.842,24.73680033,33
"2055",2015,0.756,16.47493981,34
"2056",2015,0.464,19.06524249,35
"2057",2015,0.797,22.29564992,36
"2058",2015,0.933,11.2058879,37
"2059",2015,0.499,19.69116989,38
"2060",2015,0.739,20.84767248,39
"2061",2015,0.764,24.66086855,41
"2062",2015,0.691,22.756545,42
"2063",2015,0.668,23.08305981,43
"2064",2015,0.454,20.720267,44
"2065",2015,0.877,23.55467945,45
"2066",2015,0.581,23.82249492,46
"2067",2015,0.462,18.63461511,47
"2068",2015,0.737,24.46345854,48
"2069",2015,0.93,21.20255719,49
"2070",2015,0.685,20.55326938,50
"2071",2015,0.77,21.529481,51
"2072",2015,0.618,19.43643686,52
"2073",2015,0.842,17.89190918,53
"2074",2015,0.624,22.23444459,54
"2075",2015,0.649,17.76283519,55
"2076",2015,0.935,18.70534239,56
"2077",2015,0.882,22.7696057,57
"2078",2015,0.801,18.60014314,58
"2079",2015,0.69,21.66028835,59
"2080",2015,0.849,19.59562959,60
"2081",2015,0.744,22.88288657,61
"2082",2015,0.503,21.38788891,62
"2083",2015,0.477,18.40995288,63
"2084",2015,0.911,21.44866608,64
"2085",2015,0.522,22.74263222,65
"2086",2015,0.417,18.4190859,66
"2087",2015,0.88,19.77274298,67
"2088",2015,0.536,21.92790431,69
"2089",2015,0.789,23.04690628,70
"2090",2015,0.766,21.99454794,71
"2091",2015,0.736,21.6712855,73
"2092",2015,0.816,18.45569275,74
"2093",2015,0.557,25.19130808,75
"2094",2015,0.638,19.1853481,76
"2095",2015,0.934,16.84161855,77
"2096",2015,0.652,22.9622539,78
"2097",2015,0.761,21.97284315,79
"2098",2015,0.947,24.32251511,80
"2099",2015,0.82,21.44493556,81
"2100",2015,0.799,21.54727532,82
"2101",2015,0.759,22.23201606,83
"2102",2015,0.854,20.06369996,85
"2103",2015,0.839,22.4680756,86
"2104",2015,0.604,20.70254671,87
"2105",2015,0.859,23.4883847,88
"2106",2015,0.931,24.7096945,89
"2107",2015,0.85,27.1135065,90
"2108",2015,0.894,20.69271059,91
"2109",2015,0.895,22.2411656,92
"2110",2015,0.504,19.73560683,94
"2111",2015,0.74,19.74689861,95
"2112",2016,0.537,23.04732683,1
"2113",2016,0.61,22.22948486,2
"2114",2016,0.72,23.99598369,3
"2115",2016,0.792,21.78311907,4
"2116",2016,0.694,21.13241387,5
"2117",2016,0.525,21.89875853,6
"2118",2016,0.923,22.18515504,7
"2119",2016,0.921,16.89341654,8
"2120",2016,0.806,18.19229307,9
"2121",2016,0.598,20.12974906,10
"2122",2016,0.688,20.05863507,11
"2123",2016,0.483,23.91064055,12
"2124",2016,0.569,19.81535611,13
"2125",2016,0.553,20.44276652,14
"2126",2016,0.788,18.0121536,15
"2127",2016,0.866,19.76119434,16
"2128",2016,0.578,19.77506596,17
"2129",2016,0.765,23.60149616,18
"2130",2016,0.939,22.29105036,19
"2131",2016,0.917,26.09854424,20
"2132",2016,0.751,22.88382422,21
"2133",2016,0.606,19.79625218,22
"2134",2016,0.811,20.21666251,23
"2135",2016,0.717,19.50368861,24
"2136",2016,0.637,22.00217762,25
"2137",2016,0.758,21.64482268,27
"2138",2016,0.839,22.23023295,28
"2139",2016,0.811,19.3273251,29
"2140",2016,0.576,18.09837439,30
"2141",2016,0.553,20.01027762,31
"2142",2016,0.382,21.95144575,32
"2143",2016,0.393,24.77258539,33
"2144",2016,0.578,18.90157408,35
"2145",2016,0.471,22.32537384,36
"2146",2016,0.893,11.07464244,37
"2147",2016,0.935,19.71066335,38
"2148",2016,0.505,20.97688124,39
"2149",2016,0.743,24.75993931,41
"2150",2016,0.758,22.72277209,42
"2151",2016,0.696,23.22993051,43
"2152",2016,0.588,20.72487496,44
"2153",2016,0.456,23.41679882,45
"2154",2016,0.881,23.94346191,46
"2155",2016,0.588,18.74021797,47
"2156",2016,0.467,24.56210049,48
"2157",2016,0.738,21.29329005,49
"2158",2016,0.894,20.65402615,50
"2159",2016,0.874,21.68125763,51
"2160",2016,0.5,19.37899472,52
"2161",2016,0.626,17.89972054,53
"2162",2016,0.941,22.15103174,54
"2163",2016,0.784,17.90438892,55
"2164",2016,0.656,18.72864236,56
"2165",2016,0.913,22.51831477,57
"2166",2016,0.622,18.53582447,58
"2167",2016,0.804,21.62171194,59
"2168",2016,0.605,19.69183155,60
"2169",2016,0.854,22.93321368,61
"2170",2016,0.741,21.46203248,62
"2171",2016,0.512,18.2590273,63
"2172",2016,0.687,21.26745134,64
"2173",2016,0.91,22.79466964,65
"2174",2016,0.728,18.18560781,66
"2175",2016,0.422,19.65391815,67
"2176",2016,0.885,21.6538824,68
"2177",2016,0.542,22.9385694,70
"2178",2016,0.794,21.99556799,71
"2179",2016,0.614,21.69561921,73
"2180",2016,0.729,18.49093992,74
"2181",2016,0.441,24.87702331,75
"2182",2016,0.563,19.53504913,76
"2183",2016,0.586,17.10086521,77
"2184",2016,0.924,23.01310318,78
"2185",2016,0.526,21.87692045,79
"2186",2016,0.765,24.33107849,80
"2187",2016,0.542,21.27798776,81
"2188",2016,0.822,21.7343255,82
"2189",2016,0.722,22.24307402,83
"2190",2016,0.869,20.11486101,85
"2191",2016,0.855,22.49419229,86
"2192",2016,0.71,20.7109247,87
"2193",2016,0.608,23.60549234,88
"2194",2016,0.431,24.59694177,89
"2195",2016,0.935,27.12019549,90
"2196",2016,0.853,20.71141958,91
"2197",2016,0.421,22.33617806,92
"2198",2016,0.773,19.51764087,94
"2199",2016,0.507,19.69622509,95
"2200",2017,0.947,23.03316055,1
"2201",2017,0.756,22.42064936,2
"2202",2017,0.502,24.04437735,3
"2203",2017,0.722,21.86696595,4
"2204",2017,0.808,21.15030505,5
"2205",2017,0.699,22.00253385,6
"2206",2017,0.864,22.22392687,7
"2207",2017,0.924,16.97066886,8
"2208",2017,0.922,18.57033087,9
"2209",2017,0.705,20.16826223,10
"2210",2017,0.759,20.07400243,11
"2211",2017,0.693,24.1002747,12
"2212",2017,0.474,19.66399004,13
"2213",2017,0.571,20.52990802,14
"2214",2017,0.506,17.97296572,15
"2215",2017,0.745,19.95498734,16
"2216",2017,0.863,19.82716387,17
"2217",2017,0.582,23.78400706,18
"2218",2017,0.769,22.40409712,19
"2219",2017,0.941,26.15261147,20
"2220",2017,0.919,23.02765229,21
"2221",2017,0.854,19.50328585,22
"2222",2017,0.616,20.03327115,23
"2223",2017,0.929,19.69431278,24
"2224",2017,0.536,22.04875692,25
"2225",2017,0.726,21.62452415,27
"2226",2017,0.761,21.74051926,28
"2227",2017,0.838,19.37964775,29
"2228",2017,0.66,18.30052796,30
"2229",2017,0.582,20.03641514,31
"2230",2017,0.926,21.95581683,32
"2231",2017,0.391,24.82454462,33
"2232",2017,0.55,19.05794433,35
"2233",2017,0.574,22.35128777,36
"2234",2017,0.878,11.20658361,37
"2235",2017,0.896,19.803118,38
"2236",2017,0.936,21.10376447,39
"2237",2017,0.736,24.89085211,41
"2238",2017,0.746,22.82473111,42
"2239",2017,0.76,23.35739651,43
"2240",2017,0.671,20.74802035,44
"2241",2017,0.584,23.46935711,45
"2242",2017,0.454,23.99844233,46
"2243",2017,0.885,18.782163,47
"2244",2017,0.597,24.53849226,48
"2245",2017,0.474,21.3858086,49
"2246",2017,0.935,20.73853347,50
"2247",2017,0.602,21.61570429,51
"2248",2017,0.677,19.69512584,52
"2249",2017,0.505,18.01880056,53
"2250",2017,0.846,21.97455122,54
"2251",2017,0.707,17.97807262,55
"2252",2017,0.787,18.78372062,56
"2253",2017,0.947,22.47791817,57
"2254",2017,0.595,18.67003951,58
"2255",2017,0.627,21.521656,59
"2256",2017,0.694,19.81866951,60
"2257",2017,0.608,22.98301498,61
"2258",2017,0.859,21.56834266,62
"2259",2017,0.748,18.27825788,63
"2260",2017,0.481,21.20644366,64
"2261",2017,0.873,22.6405804,65
"2262",2017,0.805,18.0908931,66
"2263",2017,0.731,19.66822916,67
"2264",2017,0.427,21.70376453,68
"2265",2017,0.888,22.04644764,69
"2266",2017,0.699,23.01283465,70
"2267",2017,0.54,22.01703778,71
"2268",2017,0.771,22.01031111,73
"2269",2017,0.743,18.56665649,74
"2270",2017,0.673,24.9774591,75
"2271",2017,0.446,19.53726805,76
"2272",2017,0.644,16.91823656,77
"2273",2017,0.939,23.04523406,78
"2274",2017,0.386,22.01495733,79
"2275",2017,0.531,24.3911944,80
"2276",2017,0.819,21.34734931,81
"2277",2017,0.55,22.20099899,82
"2278",2017,0.549,22.2554774,83
"2279",2017,0.708,20.23096024,85
"2280",2017,0.873,22.56474841,86
"2281",2017,0.535,20.57122078,87
"2282",2017,0.71,23.60381212,88
"2283",2017,0.789,24.56128278,89
"2284",2017,0.443,27.13014582,90
"2285",2017,0.933,20.87659648,91
"2286",2017,0.912,22.34736643,92
"2287",2017,0.903,19.64346902,94
"2288",2017,0.775,19.64599029,95
"2289",2018,0.942,22.98333211,1
"2290",2018,0.523,22.14516664,2
"2291",2018,0.599,24.00837253,3
"2292",2018,0.506,21.9374247,4
"2293",2018,0.734,21.05745584,5
"2294",2018,0.814,22.08288126,6
"2295",2018,0.771,22.32460951,7
"2296",2018,0.881,16.95461185,8
"2297",2018,0.926,18.31767774,9
"2298",2018,0.814,20.24336068,10
"2299",2018,0.601,20.08740792,11
"2300",2018,0.743,24.04709347,12
"2301",2018,0.696,19.66364931,13
"2302",2018,0.467,20.81455982,14
"2303",2018,0.563,17.99659222,15
"2304",2018,0.792,20.11299768,16
"2305",2018,0.746,19.87904499,17
"2306",2018,0.867,23.79691234,18
"2307",2018,0.842,22.44079097,19
"2308",2018,0.771,26.24472675,20
"2309",2018,0.943,23.0843897,21
"2310",2018,0.812,19.50366611,22
"2311",2018,0.852,20.22543577,23
"2312",2018,0.823,19.76061639,24
"2313",2018,0.714,22.16504085,25
"2314",2018,0.777,21.65912387,27
"2315",2018,0.73,21.85788789,28
"2316",2018,0.762,19.4007347,29
"2317",2018,0.431,18.29042488,30
"2318",2018,0.663,20.02333786,31
"2319",2018,0.56,22.07108281,32
"2320",2018,0.928,24.87901396,33
"2321",2018,0.397,16.2567461,34
"2322",2018,0.764,19.20204141,35
"2323",2018,0.552,22.37713242,36
"2324",2018,0.781,11.28591053,37
"2325",2018,0.885,19.83267915,38
"2326",2018,0.898,21.21938694,39
"2327",2018,0.518,24.9206225,41
"2328",2018,0.738,22.72975991,42
"2329",2018,0.751,23.30303947,43
"2330",2018,0.701,20.91188615,44
"2331",2018,0.67,23.4925233,45
"2332",2018,0.582,24.04857211,46
"2333",2018,0.456,19.15195518,47
"2334",2018,0.889,24.5652516,48
"2335",2018,0.605,21.39505989,49
"2336",2018,0.742,20.81626257,50
"2337",2018,0.946,21.74411758,51
"2338",2018,0.472,19.85427047,52
"2339",2018,0.68,18.10950382,53
"2340",2018,0.633,21.96737092,54
"2341",2018,0.642,18.05373336,55
"2342",2018,0.712,18.88449874,56
"2343",2018,0.671,22.6054005,57
"2344",2018,0.819,18.7936695,58
"2345",2018,0.599,21.43153094,59
"2346",2018,0.807,19.80327212,60
"2347",2018,0.696,23.14298983,61
"2348",2018,0.609,21.53992552,62
"2349",2018,0.863,18.21726546,63
"2350",2018,0.522,21.43771047,64
"2351",2018,0.919,22.62686673,65
"2352",2018,0.478,17.91968695,66
"2353",2018,0.805,19.77278831,67
"2354",2018,0.734,21.71981302,68
"2355",2018,0.431,22.05027214,69
"2356",2018,0.894,23.17393944,70
"2357",2018,0.702,22.16967715,71
"2358",2018,0.801,22.25120592,73
"2359",2018,0.618,18.59429092,74
"2360",2018,0.826,24.93620298,75
"2361",2018,0.68,19.66418087,76
"2362",2018,0.579,16.94329174,77
"2363",2018,0.596,23.1066011,78
"2364",2018,0.659,22.01521632,79
"2365",2018,0.391,24.48609192,80
"2366",2018,0.956,21.24291259,81
"2367",2018,0.813,20.77003369,82
"2368",2018,0.812,22.29101621,83
"2369",2018,0.771,20.33092705,85
"2370",2018,0.711,22.64447387,86
"2371",2018,0.823,20.55393241,87
"2372",2018,0.54,23.66597242,88
"2373",2018,0.803,24.63523269,89
"2374",2018,0.79,27.19869855,90
"2375",2018,0.447,20.87867071,91
"2376",2018,0.707,22.42801393,92
"2377",2018,0.429,19.75047203,94
"2378",2018,0.905,19.85663156,95
